Date,Close
2004-01-02,73.644173
2004-01-05,74.445305
2004-01-06,74.518158
2004-01-07,74.769699
2004-01-08,75.067673
2004-01-09,74.412193
2004-01-12,74.961731
2004-01-13,74.524765
2004-01-14,75.147118
2004-01-15,75.332474
2004-01-16,75.630432
2004-01-20,75.610565
2004-01-21,76.206459
2004-01-22,76.007843
2004-01-23,75.762894
2004-01-26,76.716255
2004-01-27,75.928337
2004-01-28,75.061073
2004-01-29,75.133858
2004-01-30,75.133858
2004-02-02,75.458275
2004-02-03,75.332474
2004-02-04,74.716751
2004-02-05,74.935249
2004-02-06,75.776123
2004-02-09,75.795975
2004-02-10,76.040886
2004-02-11,76.848663
2004-02-12,76.57061
2004-02-13,76.226326
2004-02-17,76.914871
2004-02-18,76.577209
2004-02-19,76.292549
2004-02-20,76.060791
2004-02-23,75.868774
2004-02-24,75.736359
2004-02-25,76.054161
2004-02-26,76.100517
2004-02-27,76.153442
2004-03-01,76.908264
2004-03-02,76.458054
2004-03-03,76.597076
2004-03-04,76.795692
2004-03-05,77.05394
2004-03-08,76.113754
2004-03-09,75.809204
2004-03-10,74.538017
2004-03-11,73.571365
2004-03-12,74.538017
2004-03-15,73.62429
2004-03-16,74.014946
2004-03-17,74.842522
2004-03-18,74.862396
2004-03-19,73.789391
2004-03-22,72.852562
2004-03-23,72.726334
2004-03-24,72.78614
2004-03-25,73.749535
2004-03-26,73.769455
2004-03-29,74.805939
2004-03-30,75.058418
2004-03-31,75.144775
2004-04-01,75.596603
2004-04-02,76.167969
2004-04-05,76.586578
2004-04-06,76.340729
2004-04-07,76.161339
2004-04-08,75.988617
2004-04-12,76.287567
2004-04-13,75.217888
2004-04-14,75.337448
2004-04-15,75.051735
2004-04-16,75.629791
2004-04-19,75.629791
2004-04-20,74.360779
2004-04-21,74.859062
2004-04-22,75.908852
2004-04-23,75.981956
2004-04-26,75.875626
2004-04-27,75.942078
2004-04-28,74.958794
2004-04-29,74.301003
2004-04-30,73.722954
2004-05-03,74.513611
2004-05-04,74.453796
2004-05-05,74.932159
2004-05-06,74.28772
2004-05-07,73.058517
2004-05-10,72.307762
2004-05-11,72.919014
2004-05-12,73.384094
2004-05-13,73.078445
2004-05-14,73.111694
2004-05-17,72.48716
2004-05-18,72.852562
2004-05-19,72.600067
2004-05-20,72.832611
2004-05-21,72.958855
2004-05-24,73.264557
2004-05-25,74.314262
2004-05-26,74.573418
2004-05-27,74.992004
2004-05-28,74.985336
2004-06-01,74.885681
2004-06-02,75.164719
2004-06-03,74.473732
2004-06-04,75.065041
2004-06-07,76.207825
2004-06-08,76.314163
2004-06-09,75.603233
2004-06-10,75.975327
2004-06-14,75.224525
2004-06-15,75.756042
2004-06-16,75.742783
2004-06-17,75.629791
2004-06-18,75.772507
2004-06-21,75.485756
2004-06-22,75.865868
2004-06-23,76.519348
2004-06-24,76.279312
2004-06-25,75.912514
2004-06-28,75.652489
2004-06-29,75.965881
2004-06-30,76.372673
2004-07-01,75.312378
2004-07-02,75.272392
2004-07-06,74.612206
2004-07-07,74.832321
2004-07-08,74.312149
2004-07-09,74.505539
2004-07-12,74.538864
2004-07-13,74.592201
2004-07-14,74.365494
2004-07-15,73.885414
2004-07-16,73.825363
2004-07-19,73.511909
2004-07-20,74.445518
2004-07-21,73.071823
2004-07-22,73.271881
2004-07-23,72.658394
2004-07-26,72.518341
2004-07-27,73.198517
2004-07-28,73.418587
2004-07-29,73.732018
2004-07-30,73.912048
2004-08-02,74.065414
2004-08-03,73.49192
2004-08-04,73.485275
2004-08-05,72.284958
2004-08-06,71.251373
2004-08-09,71.351364
2004-08-10,72.271675
2004-08-11,72.124931
2004-08-12,71.338081
2004-08-13,71.478081
2004-08-16,72.218277
2004-08-17,72.625031
2004-08-18,73.37188
2004-08-19,73.158478
2004-08-20,73.671989
2004-08-23,73.485275
2004-08-24,73.585327
2004-08-25,74.085426
2004-08-26,74.085426
2004-08-27,74.318771
2004-08-30,73.705345
2004-08-31,74.092033
2004-09-01,74.232101
2004-09-02,75.072342
2004-09-03,74.765587
2004-09-07,75.259056
2004-09-08,75.072342
2004-09-09,75.005676
2004-09-10,75.39241
2004-09-13,75.639122
2004-09-14,75.792503
2004-09-15,75.219032
2004-09-16,75.44577
2004-09-17,75.766533
2004-09-20,75.31115
2004-09-21,75.639275
2004-09-22,74.695145
2004-09-23,74.293365
2004-09-24,74.634842
2004-09-27,74.159424
2004-09-28,74.51432
2004-09-29,74.88932
2004-09-30,74.835762
2004-10-01,76.101295
2004-10-04,76.2285
2004-10-05,76.268715
2004-10-06,76.790955
2004-10-07,75.967407
2004-10-08,75.337975
2004-10-11,75.645973
2004-10-12,75.351349
2004-10-13,74.688423
2004-10-14,74.085785
2004-10-15,74.500954
2004-10-18,74.782173
2004-10-19,74.152725
2004-10-20,74.005432
2004-10-21,74.487549
2004-10-22,73.650528
2004-10-25,73.563515
2004-10-26,74.688423
2004-10-27,75.585693
2004-10-28,75.813362
2004-10-29,75.79998
2004-11-01,76.007591
2004-11-02,76.034332
2004-11-03,76.991859
2004-11-04,78.043213
2004-11-05,78.53199
2004-11-08,78.418167
2004-11-09,78.264145
2004-11-10,78.324425
2004-11-11,78.920372
2004-11-12,79.543121
2004-11-15,79.738564
2004-11-16,79.167679
2004-11-17,79.637825
2004-11-18,79.745239
2004-11-19,78.858757
2004-11-22,79.234871
2004-11-23,79.355721
2004-11-24,79.543777
2004-11-26,79.483337
2004-11-29,79.120674
2004-11-30,79.174385
2004-12-01,80.074341
2004-12-02,80.14151
2004-12-03,80.087791
2004-12-06,80.060913
2004-12-07,79.31543
2004-12-08,79.778847
2004-12-09,80.060913
2004-12-10,80.14151
2004-12-13,80.839996
2004-12-14,81.12204
2004-12-15,81.182472
2004-12-16,81.135452
2004-12-17,80.594307
2004-12-20,80.614555
2004-12-21,81.235306
2004-12-22,81.431015
2004-12-23,81.49173
2004-12-27,81.323051
2004-12-28,81.76841
2004-12-29,81.88987
2004-12-30,81.734634
2004-12-31,81.559235
2005-01-03,81.174606
2005-01-04,80.182693
2005-01-05,79.629402
2005-01-06,80.034256
2005-01-07,79.919525
2005-01-10,80.297401
2005-01-11,79.744072
2005-01-12,80.00724
2005-01-13,79.366234
2005-01-14,79.784599
2005-01-18,80.614555
2005-01-19,79.771095
2005-01-20,79.285233
2005-01-21,78.799431
2005-01-24,78.644249
2005-01-25,78.86689
2005-01-26,79.103058
2005-01-27,79.238014
2005-01-28,79.238014
2005-01-31,79.730598
2005-02-01,80.236687
2005-02-02,80.479584
2005-02-03,80.270393
2005-02-04,81.127365
2005-02-07,81.019409
2005-02-08,81.113914
2005-02-09,80.506615
2005-02-10,80.796707
2005-02-11,81.49173
2005-02-14,81.431015
2005-02-15,81.734634
2005-02-16,81.788612
2005-02-17,81.127365
2005-02-18,81.235306
2005-02-22,80.027489
2005-02-23,80.601051
2005-02-24,81.134109
2005-02-25,81.937065
2005-02-28,81.397285
2005-03-01,81.802116
2005-03-02,81.76165
2005-03-03,81.79541
2005-03-04,82.81427
2005-03-07,82.85479
2005-03-08,82.54438
2005-03-09,81.626686
2005-03-10,81.808868
2005-03-11,81.235306
2005-03-14,81.741409
2005-03-15,81.066643
2005-03-16,80.378372
2005-03-17,80.540337
2005-03-18,80.301201
2005-03-21,80.003113
2005-03-22,79.190208
2005-03-23,79.257988
2005-03-24,79.352814
2005-03-28,79.467995
2005-03-29,78.93956
2005-03-30,80.057327
2005-03-31,79.908302
2005-04-01,79.549225
2005-04-04,79.684723
2005-04-05,80.064095
2005-04-06,80.34182
2005-04-07,80.775375
2005-04-08,79.935379
2005-04-11,79.996368
2005-04-12,80.409554
2005-04-13,79.461166
2005-04-14,78.424744
2005-04-15,77.327324
2005-04-18,77.564415
2005-04-19,78.180862
2005-04-20,77.09024
2005-04-21,78.587364
2005-04-22,78.289276
2005-04-25,78.804085
2005-04-26,78.038597
2005-04-27,78.343452
2005-04-28,77.361191
2005-04-29,78.411201
2005-05-02,78.851509
2005-05-03,78.986992
2005-05-04,79.596672
2005-05-05,79.56955
2005-05-06,79.318939
2005-05-09,79.813454
2005-05-10,78.986992
2005-05-11,79.42054
2005-05-12,78.546669
2005-05-13,78.390869
2005-05-16,79.122482
2005-05-17,79.650887
2005-05-18,80.470551
2005-05-19,80.809265
2005-05-20,80.694084
2005-05-23,81.14119
2005-05-24,80.951546
2005-05-25,80.890549
2005-05-26,81.324097
2005-05-27,81.459572
2005-05-31,80.937973
2005-06-01,81.628914
2005-06-02,81.805061
2005-06-03,81.391846
2005-06-06,81.317307
2005-06-07,81.378281
2005-06-08,81.229248
2005-06-09,81.615402
2005-06-10,81.425705
2005-06-13,81.683105
2005-06-14,81.872803
2005-06-15,82.028603
2005-06-16,82.238586
2005-06-17,82.543343
2005-06-20,82.570503
2005-06-21,82.618111
2005-06-22,82.686127
2005-06-23,81.523102
2005-06-24,80.92453
2005-06-27,81.040169
2005-06-28,81.720337
2005-06-29,81.502686
2005-06-30,81.060562
2005-07-01,81.298599
2005-07-05,81.951599
2005-07-06,81.264633
2005-07-07,81.584305
2005-07-08,82.516106
2005-07-11,82.93782
2005-07-12,83.155418
2005-07-13,83.271057
2005-07-14,83.597542
2005-07-15,83.54995
2005-07-18,83.216675
2005-07-19,83.672386
2005-07-20,83.958023
2005-07-21,83.468307
2005-07-22,84.026039
2005-07-25,83.788017
2005-07-26,83.890022
2005-07-27,84.196098
2005-07-28,84.726578
2005-07-29,84.162071
2005-08-01,84.100853
2005-08-02,84.604179
2005-08-03,84.828613
2005-08-04,84.148499
2005-08-05,83.577164
2005-08-08,83.420708
2005-08-09,83.924019
2005-08-10,83.883232
2005-08-11,84.216507
2005-08-12,83.699547
2005-08-15,84.216507
2005-08-16,83.121468
2005-08-17,83.114624
2005-08-18,83.107841
2005-08-19,83.298279
2005-08-22,83.298279
2005-08-23,83.141861
2005-08-24,82.40049
2005-08-25,82.69976
2005-08-26,82.135231
2005-08-29,82.767799
2005-08-30,82.332466
2005-08-31,83.373116
2005-09-01,83.311913
2005-09-02,83.162254
2005-09-06,84.13488
2005-09-07,84.277695
2005-09-08,83.99884
2005-09-09,84.747025
2005-09-12,84.576965
2005-09-13,84.107666
2005-09-14,83.801598
2005-09-15,83.76078
2005-09-16,84.3564
2005-09-19,84.076347
2005-09-20,83.365997
2005-09-21,82.587296
2005-09-22,82.881004
2005-09-23,82.94931
2005-09-26,83.044952
2005-09-27,83.02446
2005-09-28,83.106453
2005-09-29,83.782661
2005-09-30,84.042213
2005-10-03,83.741646
2005-10-04,82.799042
2005-10-05,81.713005
2005-10-06,81.419312
2005-10-07,81.699356
2005-10-10,81.009483
2005-10-11,80.893364
2005-10-12,80.258156
2005-10-13,80.210281
2005-10-14,81.057266
2005-10-17,81.357834
2005-10-18,80.476723
2005-10-19,81.815475
2005-10-20,80.374252
2005-10-21,80.688461
2005-10-24,81.9384
2005-10-25,81.774498
2005-10-26,81.535461
2005-10-27,80.667953
2005-10-28,81.82914
2005-10-31,82.054527
2005-11-01,82.30043
2005-11-02,83.161087
2005-11-03,83.516235
2005-11-04,83.406952
2005-11-07,83.488914
2005-11-08,83.488914
2005-11-09,83.598213
2005-11-10,84.247131
2005-11-11,84.533997
2005-11-14,84.486176
2005-11-15,84.17881
2005-11-16,84.349571
2005-11-17,85.135071
2005-11-18,85.469803
2005-11-21,85.900093
2005-11-22,86.268944
2005-11-23,86.767532
2005-11-25,86.835869
2005-11-28,86.22113
2005-11-29,86.125488
2005-11-30,85.661011
2005-12-01,86.535339
2005-12-02,86.644615
2005-12-05,86.460182
2005-12-06,86.624115
2005-12-07,86.118668
2005-12-08,86.064041
2005-12-09,86.289421
2005-12-12,86.371376
2005-12-13,86.958817
2005-12-14,87.300346
2005-12-15,87.047615
2005-12-16,86.767471
2005-12-19,86.321098
2005-12-20,86.403526
2005-12-21,86.540825
2005-12-22,86.994057
2005-12-23,87.042076
2005-12-27,86.156319
2005-12-28,86.348572
2005-12-29,85.964043
2005-12-30,85.497108
2006-01-03,87.000893
2006-01-04,87.412888
2006-01-05,87.467857
2006-01-06,88.195702
2006-01-09,88.42234
2006-01-10,88.511604
2006-01-11,88.793121
2006-01-12,88.442932
2006-01-13,88.360527
2006-01-17,88.120224
2006-01-18,87.769997
2006-01-19,88.106491
2006-01-20,86.499634
2006-01-23,86.808647
2006-01-24,86.897903
2006-01-25,86.97348
2006-01-26,87.454117
2006-01-27,88.264381
2006-01-30,88.195702
2006-01-31,87.55024
2006-02-01,88.161377
2006-02-02,87.138275
2006-02-03,86.705643
2006-02-06,86.932259
2006-02-07,86.163193
2006-02-08,86.945992
2006-02-09,86.801819
2006-02-10,86.959717
2006-02-13,86.801819
2006-02-14,87.721947
2006-02-15,88.030937
2006-02-16,88.69014
2006-02-17,88.449791
2006-02-21,88.230049
2006-02-22,88.765656
2006-02-23,88.635201
2006-02-24,88.861794
2006-02-27,88.896133
2006-02-28,88.051521
2006-03-01,88.834305
2006-03-02,88.827431
2006-03-03,88.415451
2006-03-06,88.010338
2006-03-07,87.872993
2006-03-08,88.058388
2006-03-09,87.467857
2006-03-10,88.298729
2006-03-13,88.463562
2006-03-14,89.390526
2006-03-15,89.788803
2006-03-16,89.974182
2006-03-17,90.049332
2006-03-20,89.904587
2006-03-21,89.339294
2006-03-22,89.883873
2006-03-23,89.697723
2006-03-24,89.766708
2006-03-27,89.635666
2006-03-28,89.084175
2006-03-29,89.64257
2006-03-30,89.484039
2006-03-31,89.504745
2006-04-03,89.435791
2006-04-04,90.007965
2006-04-05,90.318207
2006-04-06,90.22168
2006-04-07,89.304787
2006-04-10,89.442696
2006-04-11,88.684303
2006-04-12,88.849808
2006-04-13,88.732582
2006-04-17,88.698128
2006-04-18,90.104492
2006-04-19,90.276833
2006-04-20,90.400932
2006-04-21,90.414703
2006-04-24,90.249283
2006-04-25,89.876984
2006-04-26,89.89769
2006-04-27,90.331985
2006-04-28,90.635307
2006-05-01,89.89769
2006-05-02,90.57328
2006-05-03,90.235527
2006-05-04,90.559517
2006-05-05,91.359177
2006-05-08,91.248901
2006-05-09,91.428139
2006-05-10,91.379906
2006-05-11,90.276833
2006-05-12,89.097961
2006-05-15,89.277222
2006-05-16,89.146217
2006-05-17,87.450302
2006-05-18,87.009064
2006-05-19,87.622673
2006-05-22,86.953972
2006-05-23,86.292099
2006-05-24,86.981499
2006-05-25,88.056961
2006-05-26,88.505119
2006-05-30,86.933258
2006-05-31,87.905319
2006-06-01,88.746361
2006-06-02,88.932487
2006-06-05,87.636429
2006-06-06,87.42276
2006-06-07,86.767784
2006-06-08,86.691963
2006-06-09,86.416199
2006-06-12,85.478622
2006-06-13,84.485909
2006-06-14,85.1408
2006-06-15,86.947052
2006-06-16,86.313416
2006-06-19,85.634888
2006-06-20,85.925682
2006-06-21,86.562752
2006-06-22,86.181854
2006-06-23,86.168053
2006-06-26,86.548897
2006-06-27,85.801033
2006-06-28,86.382668
2006-06-29,88.127647
2006-06-30,88.134583
2006-07-03,88.494667
2006-07-05,87.989159
2006-07-06,88.245369
2006-07-07,87.670654
2006-07-10,87.836845
2006-07-11,88.224594
2006-07-12,87.282875
2006-07-13,85.863342
2006-07-14,85.530952
2006-07-17,85.406342
2006-07-18,85.84259
2006-07-19,87.033569
2006-07-20,86.43811
2006-07-21,85.82872
2006-07-24,87.393646
2006-07-25,87.705254
2006-07-26,87.822968
2006-07-27,87.739868
2006-07-28,88.619316
2006-07-31,88.529266
2006-08-01,88.09304
2006-08-02,88.688545
2006-08-03,88.923973
2006-08-04,88.771614
2006-08-07,88.563911
2006-08-08,88.224594
2006-08-09,87.926842
2006-08-10,88.196922
2006-08-11,87.947624
2006-08-14,88.016884
2006-08-15,89.06942
2006-08-16,89.81028
2006-08-17,90.038811
2006-08-18,90.495819
2006-08-21,90.108078
2006-08-22,90.10112
2006-08-23,89.851837
2006-08-24,89.775688
2006-08-25,89.886452
2006-08-28,90.315781
2006-08-29,90.419662
2006-08-30,90.475067
2006-08-31,90.461227
2006-09-01,91.001312
2006-09-05,91.174446
2006-09-06,90.371193
2006-09-07,89.955742
2006-09-08,90.211922
2006-09-11,90.301949
2006-09-12,91.188278
2006-09-13,91.555305
2006-09-14,91.562187
2006-09-15,91.777107
2006-09-18,91.902313
2006-09-19,91.67276
2006-09-20,92.159615
2006-09-21,91.714523
2006-09-22,91.436317
2006-09-25,92.138779
2006-09-26,92.903809
2006-09-27,93.015083
2006-09-28,92.980293
2006-09-29,92.903809
2006-10-02,92.556046
2006-10-03,92.750839
2006-10-04,93.835754
2006-10-05,94.016579
2006-10-06,93.898315
2006-10-09,93.953995
2006-10-10,94.079201
2006-10-11,93.967873
2006-10-12,94.781601
2006-10-13,95.025055
2006-10-16,95.171135
2006-10-17,94.872055
2006-10-18,94.997238
2006-10-19,95.150223
2006-10-20,95.171135
2006-10-23,95.609261
2006-10-24,95.894432
2006-10-25,96.22126
2006-10-26,96.52037
2006-10-27,95.915291
2006-10-30,95.845749
2006-10-31,95.83181
2006-11-01,95.185005
2006-11-02,95.129341
2006-11-03,94.962433
2006-11-06,96.033501
2006-11-07,96.402145
2006-11-08,96.610779
2006-11-09,96.103065
2006-11-10,96.144814
2006-11-13,96.381248
2006-11-14,97.104553
2006-11-15,97.38279
2006-11-16,97.633102
2006-11-17,97.660942
2006-11-20,97.716599
2006-11-21,97.813988
2006-11-22,98.00872
2006-11-24,97.612259
2006-11-27,96.270012
2006-11-28,96.687271
2006-11-29,97.695763
2006-11-30,97.73748
2006-12-01,97.521866
2006-12-04,98.266014
2006-12-05,98.690292
2006-12-06,98.606842
2006-12-07,98.175629
2006-12-08,98.356438
2006-12-11,98.641624
2006-12-12,98.565102
2006-12-13,98.669449
2006-12-14,99.538803
2006-12-15,99.547882
2006-12-18,99.275101
2006-12-19,99.463989
2006-12-20,99.408043
2006-12-21,99.044312
2006-12-22,98.435898
2006-12-26,99.01635
2006-12-27,99.666763
2006-12-28,99.45697
2006-12-29,99.044312
2007-01-03,98.869514
2007-01-04,99.0793
2007-01-05,98.289017
2007-01-08,98.743622
2007-01-09,98.659698
2007-01-10,98.988342
2007-01-11,99.422012
2007-01-12,100.177322
2007-01-16,99.981499
2007-01-17,100.023476
2007-01-18,99.687729
2007-01-19,99.88356
2007-01-22,99.575859
2007-01-23,99.869606
2007-01-24,100.673859
2007-01-25,99.49192
2007-01-26,99.401016
2007-01-29,99.345093
2007-01-30,99.862625
2007-01-31,100.533966
2007-02-01,101.135429
2007-02-02,101.275322
2007-02-05,101.303253
2007-02-06,101.331261
2007-02-07,101.555084
2007-02-08,101.422157
2007-02-09,100.666832
2007-02-12,100.324196
2007-02-13,101.170403
2007-02-14,101.834808
2007-02-15,101.967682
2007-02-16,101.918724
2007-02-20,102.135521
2007-02-21,102.093559
2007-02-22,102.016624
2007-02-23,101.617996
2007-02-26,101.527092
2007-02-27,97.561699
2007-02-28,98.561752
2007-03-01,98.268013
2007-03-02,96.981209
2007-03-05,96.058067
2007-03-06,97.701569
2007-03-07,97.603645
2007-03-08,98.428925
2007-03-09,98.456841
2007-03-12,98.60376
2007-03-13,96.687485
2007-03-14,97.407829
2007-03-15,97.540741
2007-03-16,97.267593
2007-03-19,98.440193
2007-03-20,98.980812
2007-03-21,100.609772
2007-03-22,100.532509
2007-03-23,100.68
2007-03-26,100.546593
2007-03-27,100.307823
2007-03-28,99.577614
2007-03-29,99.682961
2007-03-30,99.704018
2007-04-02,99.816353
2007-04-03,100.890579
2007-04-04,101.00296
2007-04-05,101.276802
2007-04-09,101.417191
2007-04-10,101.536568
2007-04-11,101.122276
2007-04-12,101.571678
2007-04-13,102.035103
2007-04-16,103.004051
2007-04-17,103.277847
2007-04-18,103.404282
2007-04-19,103.376152
2007-04-20,104.352173
2007-04-23,103.958954
2007-04-24,104.001106
2007-04-25,104.956047
2007-04-26,105.075356
2007-04-27,104.991142
2007-04-30,104.120491
2007-05-01,104.387306
2007-05-02,104.998108
2007-05-03,105.56691
2007-05-04,105.967094
2007-05-07,105.988144
2007-05-08,105.847763
2007-05-09,106.13559
2007-05-10,105.026245
2007-05-11,105.924957
2007-05-14,105.693214
2007-05-15,105.721329
2007-05-16,106.444557
2007-05-17,106.233871
2007-05-18,107.160744
2007-05-21,107.104599
2007-05-22,107.020294
2007-05-23,107.03434
2007-05-24,106.065384
2007-05-25,106.507729
2007-05-29,106.893951
2007-05-30,107.764511
2007-05-31,107.652229
2007-06-01,108.185837
2007-06-04,108.199898
2007-06-05,107.771584
2007-06-06,106.613045
2007-06-07,104.689201
2007-06-08,106.051369
2007-06-11,106.233871
2007-06-12,105.075356
2007-06-13,106.648209
2007-06-14,107.329239
2007-06-15,107.939911
2007-06-18,107.813011
2007-06-19,108.080971
2007-06-20,106.578979
2007-06-21,107.17131
2007-06-22,106.162895
2007-06-25,105.655197
2007-06-26,104.569191
2007-06-27,106.057121
2007-06-28,106.043037
2007-06-29,106.0783
2007-07-02,107.037277
2007-07-03,107.425133
2007-07-05,107.312294
2007-07-06,107.876411
2007-07-09,107.961075
2007-07-10,106.423843
2007-07-11,107.178368
2007-07-12,108.870705
2007-07-13,109.195137
2007-07-16,109.181023
2007-07-17,109.124588
2007-07-18,108.927132
2007-07-19,109.350212
2007-07-20,108.243179
2007-07-23,108.574562
2007-07-24,106.691772
2007-07-25,106.910385
2007-07-26,104.378792
2007-07-27,102.326782
2007-07-30,103.927528
2007-07-31,102.75692
2007-08-01,103.257629
2007-08-02,104.082695
2007-08-03,101.403038
2007-08-06,103.102486
2007-08-07,104.202583
2007-08-08,105.655197
2007-08-09,102.524239
2007-08-10,102.044754
2007-08-13,102.411423
2007-08-14,100.845963
2007-08-15,99.456741
2007-08-16,100.204262
2007-08-17,102.044754
2007-08-20,101.995354
2007-08-21,102.199837
2007-08-22,103.412727
2007-08-23,103.321014
2007-08-24,104.59742
2007-08-27,103.624275
2007-08-28,101.346634
2007-08-29,103.335167
2007-08-30,103.060165
2007-08-31,104.075592
2007-09-04,105.126328
2007-09-05,104.216652
2007-09-06,104.456406
2007-09-07,103.003746
2007-09-10,102.80629
2007-09-11,104.005081
2007-09-12,104.273064
2007-09-13,105.006462
2007-09-14,104.999352
2007-09-17,104.435257
2007-09-18,107.509758
2007-09-19,108.144394
2007-09-20,107.382812
2007-09-21,107.672638
2007-09-24,107.474236
2007-09-25,107.261688
2007-09-26,107.828514
2007-09-27,108.466125
2007-09-28,108.104858
2007-10-01,109.323418
2007-10-02,109.17469
2007-10-03,108.955017
2007-10-04,109.125092
2007-10-05,110.421684
2007-10-08,109.833595
2007-10-09,110.868011
2007-10-10,110.683815
2007-10-11,110.152412
2007-10-12,110.761742
2007-10-15,109.82653
2007-10-16,108.955017
2007-10-17,109.287949
2007-10-18,108.891228
2007-10-19,106.043053
2007-10-22,106.659439
2007-10-23,107.523842
2007-10-24,107.325455
2007-10-25,107.580559
2007-10-26,108.841675
2007-10-29,109.203018
2007-10-30,108.444878
2007-10-31,109.571419
2007-11-01,107.006615
2007-11-02,107.127075
2007-11-05,106.312294
2007-11-06,107.7435
2007-11-07,104.796074
2007-11-08,104.264709
2007-11-09,102.833504
2007-11-12,101.81321
2007-11-13,104.916527
2007-11-14,104.626022
2007-11-15,103.116913
2007-11-16,103.294014
2007-11-19,101.855713
2007-11-20,102.479256
2007-11-21,100.382034
2007-11-23,102.117905
2007-11-26,99.864838
2007-11-27,101.012611
2007-11-28,104.243385
2007-11-29,104.27887
2007-11-30,105.327484
2007-12-03,104.633102
2007-12-04,103.697861
2007-12-05,105.433716
2007-12-06,106.942825
2007-12-07,106.921623
2007-12-10,107.750572
2007-12-11,104.796074
2007-12-12,105.83049
2007-12-13,105.61087
2007-12-14,104.271782
2007-12-17,102.783897
2007-12-18,103.357811
2007-12-19,103.357811
2007-12-20,104.009636
2007-12-21,105.508919
2007-12-24,106.292435
2007-12-26,106.520309
2007-12-27,105.181305
2007-12-28,104.917755
2007-12-31,104.141396
2008-01-02,103.22966
2008-01-03,103.179817
2008-01-04,100.651245
2008-01-07,100.565765
2008-01-08,98.941788
2008-01-09,99.981689
2008-01-10,100.636978
2008-01-11,99.824997
2008-01-14,100.629883
2008-01-15,98.414726
2008-01-16,97.567108
2008-01-17,95.038521
2008-01-18,94.062744
2008-01-22,93.108292
2008-01-23,95.344803
2008-01-24,96.149712
2008-01-25,94.76075
2008-01-28,96.327782
2008-01-29,96.805
2008-01-30,96.092705
2008-01-31,97.844864
2008-02-01,99.419044
2008-02-04,98.165428
2008-02-05,95.537132
2008-02-06,94.767883
2008-02-07,95.394669
2008-02-08,94.78212
2008-02-11,95.266449
2008-02-12,96.149712
2008-02-13,97.132568
2008-02-14,96.277901
2008-02-15,96.256554
2008-02-19,96.527184
2008-02-20,96.812111
2008-02-21,96.007217
2008-02-22,96.598389
2008-02-25,97.816414
2008-02-26,98.550026
2008-02-27,98.450333
2008-02-28,97.48877
2008-02-29,95.316315
2008-03-03,95.088409
2008-03-04,94.725143
2008-03-05,95.323448
2008-03-06,93.350449
2008-03-07,92.388908
2008-03-10,91.170944
2008-03-11,94.44735
2008-03-12,93.564163
2008-03-13,93.770676
2008-03-14,92.317627
2008-03-17,91.384605
2008-03-18,95.180946
2008-03-19,92.823357
2008-03-20,94.542709
2008-03-24,96.432442
2008-03-25,96.525475
2008-03-26,95.344421
2008-03-27,95.043793
2008-03-28,94.13472
2008-03-31,94.463989
2008-04-01,97.785286
2008-04-02,97.849686
2008-04-03,98.093086
2008-04-04,97.985718
2008-04-07,98.03582
2008-04-08,97.935593
2008-04-09,97.226952
2008-04-10,97.362976
2008-04-11,95.473297
2008-04-14,95.151169
2008-04-15,95.373047
2008-04-16,97.9571
2008-04-17,98.100258
2008-04-18,99.123848
2008-04-21,99.173973
2008-04-22,98.737289
2008-04-23,98.579849
2008-04-24,99.00927
2008-04-25,99.925522
2008-04-28,99.946999
2008-04-29,99.553299
2008-04-30,98.96637
2008-05-01,101.01355
2008-05-02,101.292709
2008-05-05,100.806007
2008-05-06,101.67923
2008-05-07,99.868271
2008-05-08,99.610603
2008-05-09,99.424454
2008-05-12,100.541122
2008-05-13,100.555428
2008-05-14,100.763031
2008-05-15,102.022812
2008-05-16,102.115891
2008-05-19,102.395027
2008-05-20,101.564674
2008-05-21,99.846779
2008-05-22,99.861107
2008-05-23,98.522545
2008-05-27,99.25267
2008-05-28,99.7108
2008-05-29,100.211823
2008-05-30,100.462349
2008-06-02,99.424454
2008-06-03,98.844681
2008-06-04,98.794586
2008-06-05,100.770187
2008-06-06,97.556229
2008-06-09,97.792397
2008-06-10,97.305725
2008-06-11,95.874092
2008-06-12,96.239174
2008-06-13,97.455994
2008-06-16,97.513283
2008-06-17,97.040878
2008-06-18,96.09597
2008-06-19,96.21769
2008-06-20,94.655945
2008-06-23,94.562401
2008-06-24,94.375374
2008-06-25,94.821365
2008-06-26,92.245995
2008-06-27,91.742439
2008-06-30,92.066193
2008-07-01,92.353912
2008-07-02,90.771294
2008-07-03,90.864784
2008-07-07,89.936768
2008-07-08,91.533806
2008-07-09,89.771339
2008-07-10,90.138222
2008-07-11,89.087914
2008-07-14,88.282242
2008-07-15,87.037697
2008-07-16,89.174248
2008-07-17,90.066269
2008-07-18,90.627396
2008-07-21,90.677765
2008-07-22,91.706451
2008-07-23,92.202843
2008-07-24,90.289284
2008-07-25,90.267693
2008-07-28,88.944046
2008-07-29,90.843216
2008-07-30,92.461815
2008-07-31,91.238884
2008-08-01,90.756866
2008-08-04,89.915207
2008-08-05,92.339508
2008-08-06,92.749557
2008-08-07,91.36837
2008-08-08,93.066109
2008-08-11,94.030075
2008-08-12,93.051704
2008-08-13,92.490601
2008-08-14,93.188377
2008-08-15,93.641563
2008-08-18,92.361099
2008-08-19,91.353966
2008-08-20,91.778412
2008-08-21,91.936653
2008-08-22,93.267509
2008-08-25,91.375557
2008-08-26,91.641701
2008-08-27,92.533768
2008-08-28,93.655975
2008-08-29,92.648834
2008-09-02,92.073372
2008-09-03,91.994202
2008-09-04,89.224594
2008-09-05,89.505165
2008-09-08,91.353966
2008-09-09,88.641907
2008-09-10,89.001595
2008-09-11,90.289284
2008-09-12,90.706497
2008-09-15,86.390259
2008-09-16,87.836197
2008-09-17,83.886841
2008-09-18,86.37587
2008-09-19,89.806175
2008-09-22,87.772987
2008-09-23,85.776024
2008-09-24,86.05098
2008-09-25,87.396774
2008-09-26,87.440193
2008-09-29,80.588234
2008-09-30,83.92379
2008-10-01,83.974419
2008-10-02,80.928307
2008-10-03,79.835754
2008-10-06,75.769417
2008-10-07,72.376015
2008-10-08,70.552704
2008-10-09,65.625381
2008-10-10,64.033569
2008-10-13,73.331093
2008-10-14,72.245789
2008-10-15,65.133377
2008-10-16,67.846657
2008-10-17,67.441467
2008-10-20,71.493301
2008-10-21,69.358833
2008-10-22,65.58197
2008-10-23,66.341698
2008-10-24,62.977203
2008-10-27,60.741436
2008-10-28,67.839409
2008-10-29,67.347397
2008-10-30,69.677162
2008-10-31,70.060669
2008-11-03,70.263268
2008-11-04,72.650955
2008-11-05,69.597618
2008-11-06,65.741135
2008-11-07,67.911766
2008-11-10,67.021851
2008-11-11,64.952461
2008-11-12,62.094498
2008-11-13,65.965416
2008-11-14,62.673286
2008-11-17,61.841259
2008-11-18,63.006115
2008-11-19,58.968788
2008-11-20,54.591328
2008-11-21,57.536148
2008-11-24,61.522888
2008-11-25,61.978741
2008-11-26,64.373642
2008-11-28,65.183998
2008-12-01,59.410118
2008-12-02,61.69656
2008-12-03,63.179794
2008-12-04,61.718258
2008-12-05,63.621151
2008-12-08,65.84243
2008-12-09,64.757111
2008-12-10,65.198486
2008-12-11,63.628391
2008-12-12,64.388107
2008-12-15,63.490894
2008-12-16,66.479156
2008-12-17,65.83519
2008-12-18,64.605194
2008-12-19,64.327271
2008-12-22,63.503002
2008-12-23,62.846546
2008-12-24,63.211246
2008-12-26,63.575958
2008-12-29,63.393608
2008-12-30,64.896202
2008-12-31,65.822563
2009-01-02,67.806564
2009-01-05,67.726341
2009-01-06,68.178596
2009-01-07,66.136223
2009-01-08,66.40609
2009-01-09,64.983727
2009-01-12,63.422783
2009-01-13,63.539482
2009-01-14,61.540894
2009-01-15,61.562767
2009-01-16,62.044182
2009-01-20,58.769104
2009-01-21,61.307491
2009-01-22,60.35923
2009-01-23,60.621826
2009-01-26,61.037586
2009-01-27,61.657585
2009-01-28,63.74369
2009-01-29,61.672192
2009-01-30,60.417583
2009-02-02,60.235229
2009-02-03,61.081341
2009-02-04,60.782299
2009-02-05,61.686779
2009-02-06,63.444653
2009-02-09,63.532204
2009-02-10,60.621826
2009-02-11,60.979233
2009-02-12,61.022999
2009-02-13,60.366543
2009-02-17,57.784386
2009-02-18,57.64579
2009-02-19,57.025799
2009-02-20,56.471428
2009-02-23,54.450974
2009-02-24,56.515224
2009-02-25,56.070282
2009-02-26,55.158497
2009-02-27,53.925785
2009-03-02,51.496819
2009-03-03,51.11021
2009-03-04,52.321079
2009-03-05,50.183876
2009-03-06,50.271389
2009-03-09,49.680573
2009-03-10,52.64201
2009-03-11,52.984844
2009-03-12,55.07098
2009-03-13,55.50132
2009-03-16,55.333572
2009-03-17,57.025799
2009-03-18,58.302292
2009-03-19,57.58017
2009-03-20,56.354042
2009-03-23,60.401905
2009-03-24,59.211788
2009-03-25,59.83622
2009-03-26,61.055721
2009-03-27,59.953773
2009-03-30,57.882107
2009-03-31,58.418381
2009-04-01,59.549732
2009-04-02,61.290783
2009-04-03,61.900547
2009-04-06,61.41573
2009-04-07,59.983131
2009-04-08,60.629604
2009-04-09,63.039253
2009-04-13,63.053959
2009-04-14,61.966671
2009-04-15,62.627869
2009-04-16,63.546139
2009-04-17,63.972252
2009-04-20,61.290783
2009-04-21,62.488285
2009-04-22,62.106258
2009-04-23,62.716
2009-04-24,63.663696
2009-04-27,63.061272
2009-04-28,62.862934
2009-04-29,64.199959
2009-04-30,64.221992
2009-05-01,64.567284
2009-05-04,66.763847
2009-05-05,66.536133
2009-05-06,67.689529
2009-05-07,66.749161
2009-05-08,68.30661
2009-05-11,67.028343
2009-05-12,66.829979
2009-05-13,65.147644
2009-05-14,65.705978
2009-05-15,65.169701
2009-05-18,67.020973
2009-05-19,66.940201
2009-05-20,66.49205
2009-05-21,65.53701
2009-05-22,65.39743
2009-05-26,67.072418
2009-05-27,65.874954
2009-05-28,66.793251
2009-05-29,67.976021
2009-06-01,69.621597
2009-06-02,69.680344
2009-06-03,68.79882
2009-06-04,69.445267
2009-06-05,69.459984
2009-06-08,69.17347
2009-06-09,69.526093
2009-06-10,69.34977
2009-06-11,69.658318
2009-06-12,69.849327
2009-06-15,68.247841
2009-06-16,67.322166
2009-06-17,67.25605
2009-06-18,67.748268
2009-06-19,67.997986
2009-06-22,65.958908
2009-06-23,66.010628
2009-06-24,66.579514
2009-06-25,68.027565
2009-06-26,67.850243
2009-06-29,68.485588
2009-06-30,67.931511
2009-07-01,68.212257
2009-07-02,66.350494
2009-07-06,66.343086
2009-07-07,65.05761
2009-07-08,65.01329
2009-07-09,65.138863
2009-07-10,64.983742
2009-07-13,66.564713
2009-07-14,66.941498
2009-07-15,68.899292
2009-07-16,68.788521
2009-07-17,69.54203
2009-07-20,70.280815
2009-07-21,70.605904
2009-07-22,70.59111
2009-07-23,72.149979
2009-07-24,72.445488
2009-07-27,72.659721
2009-07-28,72.319862
2009-07-29,72.142586
2009-07-30,72.896118
2009-07-31,72.999535
2009-08-03,74.203804
2009-08-04,74.395874
2009-08-05,74.181618
2009-08-06,73.797478
2009-08-07,74.765274
2009-08-10,74.610092
2009-08-11,73.679268
2009-08-12,74.469765
2009-08-13,75.038635
2009-08-14,74.462402
2009-08-17,72.630173
2009-08-18,73.206429
2009-08-19,73.849174
2009-08-20,74.610092
2009-08-21,76.072937
2009-08-24,76.065567
2009-08-25,76.213287
2009-08-26,76.220695
2009-08-27,76.390587
2009-08-28,76.375847
2009-08-31,75.696144
2009-09-01,74.026489
2009-09-02,73.745758
2009-09-03,74.358948
2009-09-04,75.40065
2009-09-08,76.050766
2009-09-09,76.634399
2009-09-10,77.417534
2009-09-11,77.402763
2009-09-14,77.779533
2009-09-15,78.104622
2009-09-16,79.286613
2009-09-17,79.16848
2009-09-18,79.218971
2009-09-21,79.018517
2009-09-22,79.478729
2009-09-23,78.818108
2009-09-24,77.949577
2009-09-25,77.533913
2009-09-28,78.922005
2009-09-29,78.684486
2009-09-30,78.380127
2009-10-01,76.435257
2009-10-02,76.078964
2009-10-05,77.214699
2009-10-06,78.32074
2009-10-07,78.536018
2009-10-08,79.13726
2009-10-09,79.619759
2009-10-12,79.931549
2009-10-13,79.768219
2009-10-14,81.141479
2009-10-15,81.438438
2009-10-16,80.829735
2009-10-19,81.497795
2009-10-20,81.067253
2009-10-21,80.339851
2009-10-22,81.156387
2009-10-23,80.228485
2009-10-26,79.359978
2009-10-27,78.996223
2009-10-28,77.504227
2009-10-29,79.166992
2009-10-30,76.873215
2009-11-02,77.437378
2009-11-03,77.682358
2009-11-04,77.882751
2009-11-05,79.315407
2009-11-06,79.523277
2009-11-09,81.334503
2009-11-10,81.349365
2009-11-11,81.765045
2009-11-12,80.933662
2009-11-13,81.371628
2009-11-16,82.551865
2009-11-17,82.648376
2009-11-18,82.596405
2009-11-19,81.520073
2009-11-20,81.230598
2009-11-23,82.26239
2009-11-24,82.388557
2009-11-25,82.678085
2009-11-27,81.334503
2009-11-30,81.609169
2009-12-01,82.618675
2009-12-02,82.581551
2009-12-03,81.935791
2009-12-04,82.403435
2009-12-07,82.277245
2009-12-08,81.364189
2009-12-09,81.668549
2009-12-10,82.128769
2009-12-11,82.477669
2009-12-14,83.041786
2009-12-15,82.655815
2009-12-16,82.781967
2009-12-17,81.787262
2009-12-18,82.250008
2009-12-21,83.085876
2009-12-22,83.384384
2009-12-23,83.548584
2009-12-24,83.944153
2009-12-28,84.123199
2009-12-29,84.003838
2009-12-30,83.973991
2009-12-31,83.167946
2010-01-04,84.578468
2010-01-05,84.802361
2010-01-06,84.862091
2010-01-07,85.220322
2010-01-08,85.503906
2010-01-11,85.623306
2010-01-12,84.824753
2010-01-13,85.541222
2010-01-14,85.772552
2010-01-15,84.809822
2010-01-19,85.869591
2010-01-20,84.996368
2010-01-21,83.362007
2010-01-22,81.503716
2010-01-25,81.921669
2010-01-26,81.578354
2010-01-27,81.966446
2010-01-28,81.026085
2010-01-29,80.145424
2010-02-01,81.391762
2010-02-02,82.376923
2010-02-03,81.966446
2010-02-04,79.43647
2010-02-05,79.600616
2010-02-08,79.025986
2010-02-09,80.018578
2010-02-10,79.86187
2010-02-11,80.697693
2010-02-12,80.630531
2010-02-16,81.899239
2010-02-17,82.287346
2010-02-18,82.772415
2010-02-19,82.944069
2010-02-22,82.95903
2010-02-23,81.9515
2010-02-24,82.705261
2010-02-25,82.593315
2010-02-26,82.645561
2010-03-01,83.503792
2010-03-02,83.735138
2010-03-03,83.809807
2010-03-04,84.063507
2010-03-05,85.265106
2010-03-08,85.279999
2010-03-09,85.421814
2010-03-10,85.802422
2010-03-11,86.160629
2010-03-12,86.168083
2010-03-15,86.190475
2010-03-16,86.877098
2010-03-17,87.392036
2010-03-18,87.347282
2010-03-19,86.905106
2010-03-22,87.36972
2010-03-23,87.984215
2010-03-24,87.557091
2010-03-25,87.414688
2010-03-26,87.362274
2010-03-29,87.916779
2010-03-30,87.976746
2010-03-31,87.676994
2010-04-01,88.276505
2010-04-05,88.995865
2010-04-06,89.205734
2010-04-07,88.696159
2010-04-08,89.003387
2010-04-09,89.587914
2010-04-12,89.730278
2010-04-13,89.797699
2010-04-14,90.816872
2010-04-15,90.891815
2010-04-16,89.445541
2010-04-19,89.78273
2010-04-20,90.584549
2010-04-21,90.419693
2010-04-22,90.689514
2010-04-23,91.281448
2010-04-26,90.93679
2010-04-27,88.786057
2010-04-28,89.460518
2010-04-29,90.56958
2010-04-30,89.033356
2010-05-03,90.187393
2010-05-04,88.066666
2010-05-05,87.542099
2010-05-06,84.63456
2010-05-07,83.375587
2010-05-10,87.047531
2010-05-11,86.800194
2010-05-12,88.014198
2010-05-13,86.920074
2010-05-14,85.346405
2010-05-17,85.391373
2010-05-18,84.229851
2010-05-19,83.750244
2010-05-20,80.587891
2010-05-21,81.764397
2010-05-24,80.715286
2010-05-25,80.797745
2010-05-26,80.310616
2010-05-27,83.000854
2010-05-28,81.959259
2010-06-01,80.580376
2010-06-02,82.678665
2010-06-03,82.96344
2010-06-04,80.048363
2010-06-07,79.051674
2010-06-08,79.89846
2010-06-09,79.471344
2010-06-10,81.794373
2010-06-11,82.191544
2010-06-14,82.064156
2010-06-15,83.930107
2010-06-16,83.900154
2010-06-17,84.035027
2010-06-18,84.126122
2010-06-21,83.885162
2010-06-22,82.499771
2010-06-23,82.243774
2010-06-24,80.880928
2010-06-25,81.219795
2010-06-28,80.963783
2010-06-29,78.46402
2010-06-30,77.718597
2010-07-01,77.372231
2010-07-02,76.950569
2010-07-06,77.455093
2010-07-07,79.894608
2010-07-08,80.685181
2010-07-09,81.287544
2010-07-12,81.340248
2010-07-13,82.567558
2010-07-14,82.56002
2010-07-15,82.582596
2010-07-16,80.308685
2010-07-19,80.783081
2010-07-20,81.679054
2010-07-21,80.617424
2010-07-22,82.416954
2010-07-23,83.132271
2010-07-26,83.998108
2010-07-27,83.990631
2010-07-28,83.448486
2010-07-29,83.041878
2010-07-30,83.026833
2010-08-02,84.901672
2010-08-03,84.495049
2010-08-04,85.059784
2010-08-05,84.969444
2010-08-06,84.623055
2010-08-09,85.074837
2010-08-10,84.615524
2010-08-11,82.296501
2010-08-12,81.792023
2010-08-13,81.551056
2010-08-16,81.513405
2010-08-17,82.514839
2010-08-18,82.665413
2010-08-19,81.22731
2010-08-20,80.963783
2010-08-23,80.655083
2010-08-24,79.457878
2010-08-25,79.766579
2010-08-26,79.232018
2010-08-27,80.45932
2010-08-30,79.292236
2010-08-31,79.292236
2010-09-01,81.663994
2010-09-02,82.424477
2010-09-03,83.493645
2010-09-07,82.552483
2010-09-08,83.132271
2010-09-09,83.516251
2010-09-10,83.937912
2010-09-13,84.871521
2010-09-14,84.818817
2010-09-15,85.142609
2010-09-16,85.120041
2010-09-17,85.151779
2010-09-20,86.453781
2010-09-21,86.279694
2010-09-22,85.855759
2010-09-23,85.159355
2010-09-24,86.915573
2010-09-27,86.499191
2010-09-28,86.802002
2010-09-29,86.650589
2010-09-30,86.39325
2010-10-01,86.756584
2010-10-04,86.105606
2010-10-05,87.839058
2010-10-06,87.83149
2010-10-07,87.725502
2010-10-08,88.21756
2010-10-11,88.300819
2010-10-12,88.573303
2010-10-13,89.262177
2010-10-14,88.913956
2010-10-15,89.095634
2010-10-18,89.53466
2010-10-19,88.361366
2010-10-20,89.224319
2010-10-21,89.421127
2010-10-22,89.587685
2010-10-25,89.852592
2010-10-26,89.867752
2010-10-27,89.610359
2010-10-28,89.625504
2010-10-29,89.693672
2010-11-01,89.723907
2010-11-02,90.43544
2010-11-03,90.79882
2010-11-04,92.547424
2010-11-05,92.895615
2010-11-08,92.721535
2010-11-09,92.055397
2010-11-10,92.4263
2010-11-11,92.078079
2010-11-12,90.988075
2010-11-15,90.859383
2010-11-16,89.443848
2010-11-17,89.489281
2010-11-18,90.806389
2010-11-19,91.056183
2010-11-22,90.980492
2010-11-23,89.663353
2010-11-24,90.988075
2010-11-26,89.928299
2010-11-29,90.200813
2010-11-30,89.693672
2010-12-01,91.601212
2010-12-02,92.774529
2010-12-03,93.024315
2010-12-06,92.925888
2010-12-07,92.978867
2010-12-08,93.31955
2010-12-09,93.682869
2010-12-10,94.227913
2010-12-13,94.288429
2010-12-14,94.371719
2010-12-15,93.940239
2010-12-16,94.485268
2010-12-17,94.586494
2010-12-20,94.814781
2010-12-21,95.415909
2010-12-22,95.712685
2010-12-23,95.575699
2010-12-27,95.613777
2010-12-28,95.750732
2010-12-29,95.819206
2010-12-30,95.667068
2010-12-31,95.68985
2011-01-03,96.679092
2011-01-04,96.625862
2011-01-05,97.128067
2011-01-06,96.937836
2011-01-07,96.747581
2011-01-10,96.625862
2011-01-11,96.968254
2011-01-12,97.843391
2011-01-13,97.683556
2011-01-14,98.391251
2011-01-18,98.558662
2011-01-19,97.592209
2011-01-20,97.462914
2011-01-21,97.683556
2011-01-24,98.239059
2011-01-25,98.292297
2011-01-26,98.672798
2011-01-27,98.916336
2011-01-28,97.188934
2011-01-31,97.919456
2011-02-01,99.487053
2011-02-02,99.296822
2011-02-03,99.517448
2011-02-04,99.798996
2011-02-07,100.422989
2011-02-08,100.87957
2011-02-09,100.651283
2011-02-10,100.689339
2011-02-11,101.290474
2011-02-14,101.533989
2011-02-15,101.214363
2011-02-16,101.853569
2011-02-17,102.157974
2011-02-18,102.37104
2011-02-22,100.316429
2011-02-23,99.700081
2011-02-24,99.631599
2011-02-25,100.696968
2011-02-28,101.320923
2011-03-01,99.631599
2011-03-02,99.84465
2011-03-03,101.564453
2011-03-04,100.803474
2011-03-07,100.012093
2011-03-08,100.887161
2011-03-09,100.742584
2011-03-10,98.878265
2011-03-11,99.563126
2011-03-14,98.961967
2011-03-15,97.82814
2011-03-16,96.017067
2011-03-17,97.287872
2011-03-18,97.641708
2011-03-21,99.154961
2011-03-22,98.811043
2011-03-23,99.093796
2011-03-24,100.041466
2011-03-25,100.347176
2011-03-28,100.102669
2011-03-29,100.775162
2011-03-30,101.47065
2011-03-31,101.333069
2011-04-01,101.76107
2011-04-04,101.845146
2011-04-05,101.829872
2011-04-06,102.150856
2011-04-07,101.891006
2011-04-08,101.539452
2011-04-11,101.233704
2011-04-12,100.477089
2011-04-13,100.469452
2011-04-14,100.545906
2011-04-15,100.912743
2011-04-18,99.781647
2011-04-19,100.354836
2011-04-20,101.72287
2011-04-21,102.242546
2011-04-25,102.135536
2011-04-26,103.014442
2011-04-27,103.687004
2011-04-28,104.0233
2011-04-29,104.267822
2011-05-02,104.107346
2011-05-03,103.73288
2011-05-04,103.045029
2011-05-05,102.112633
2011-05-06,102.563553
2011-05-09,102.961021
2011-05-10,103.839851
2011-05-11,102.746979
2011-05-12,103.236076
2011-05-13,102.441269
2011-05-16,101.791664
2011-05-17,101.776382
2011-05-18,102.685829
2011-05-19,102.930374
2011-05-20,102.112633
2011-05-23,100.92804
2011-05-24,100.843948
2011-05-25,101.180214
2011-05-26,101.646393
2011-05-27,102.036186
2011-05-31,103.098526
2011-06-01,100.782806
2011-06-02,100.675842
2011-06-03,99.67466
2011-06-06,98.619957
2011-06-07,98.558838
2011-06-08,98.146141
2011-06-09,98.895111
2011-06-10,97.519432
2011-06-13,97.595863
2011-06-14,98.833977
2011-06-15,97.07618
2011-06-16,97.290161
2011-06-17,97.58049
2011-06-20,98.079712
2011-06-21,99.423782
2011-06-22,98.824722
2011-06-23,98.540558
2011-06-24,97.396164
2011-06-27,98.26403
2011-06-28,99.546661
2011-06-29,100.399231
2011-06-30,101.359268
2011-07-01,102.856972
2011-07-05,102.772461
2011-07-06,102.895386
2011-07-07,103.962952
2011-07-08,103.225616
2011-07-11,101.359268
2011-07-12,100.921494
2011-07-13,101.259422
2011-07-14,100.560486
2011-07-15,101.144249
2011-07-18,100.314735
2011-07-19,101.942993
2011-07-20,101.881531
2011-07-21,103.294777
2011-07-22,103.363899
2011-07-25,102.787865
2011-07-26,102.403816
2011-07-27,100.307053
2011-07-28,100.015213
2011-07-29,99.331635
2011-08-01,98.909203
2011-08-02,96.382309
2011-08-03,96.904579
2011-08-04,92.36541
2011-08-05,92.22718
2011-08-08,86.221062
2011-08-09,90.230286
2011-08-10,86.244087
2011-08-11,90.115036
2011-08-12,90.721786
2011-08-15,92.641945
2011-08-16,91.850845
2011-08-17,91.912292
2011-08-18,87.949165
2011-08-19,86.512901
2011-08-22,86.582008
2011-08-23,89.431496
2011-08-24,90.691109
2011-08-25,89.308624
2011-08-26,90.606598
2011-08-29,93.210304
2011-08-30,93.45607
2011-08-31,93.870796
2011-09-01,92.88768
2011-09-02,90.514427
2011-09-06,89.853943
2011-09-07,92.388474
2011-09-08,91.428406
2011-09-09,89.032112
2011-09-12,89.608154
2011-09-13,90.429977
2011-09-14,91.681915
2011-09-15,93.264061
2011-09-16,93.816048
2011-09-19,92.881889
2011-09-20,92.773788
2011-09-21,90.040855
2011-09-22,87.130348
2011-09-23,87.655312
2011-09-26,89.739761
2011-09-27,90.743408
2011-09-28,88.890511
2011-09-29,89.593063
2011-09-30,87.354233
2011-10-03,84.868301
2011-10-04,86.728905
2011-10-05,88.334709
2011-10-06,89.932777
2011-10-07,89.330605
2011-10-10,92.318352
2011-10-11,92.41098
2011-10-12,93.221581
2011-10-13,93.036331
2011-10-14,94.626686
2011-10-17,92.820129
2011-10-18,94.634377
2011-10-19,93.514977
2011-10-20,93.924118
2011-10-21,95.707512
2011-10-24,96.880959
2011-10-25,94.997253
2011-10-26,95.96225
2011-10-27,99.305153
2011-10-28,99.281921
2011-10-31,96.888702
2011-11-01,94.186623
2011-11-02,95.722923
2011-11-03,97.467682
2011-11-04,96.87326
2011-11-07,97.475433
2011-11-08,98.726089
2011-11-09,95.082153
2011-11-10,95.977699
2011-11-11,97.784233
2011-11-14,96.857849
2011-11-15,97.336479
2011-11-16,95.792412
2011-11-17,94.271545
2011-11-18,94.171211
2011-11-21,92.380104
2011-11-22,92.01722
2011-11-23,89.986839
2011-11-25,89.816963
2011-11-28,92.418678
2011-11-29,92.681168
2011-11-30,96.494949
2011-12-01,96.4795
2011-12-02,96.394592
2011-12-05,97.444534
2011-12-06,97.475433
2011-12-07,97.83828
2011-12-08,95.692055
2011-12-09,97.313293
2011-12-12,95.892776
2011-12-13,94.997253
2011-12-14,93.985886
2011-12-15,94.325569
2011-12-16,94.465431
2011-12-19,93.455429
2011-12-20,96.283417
2011-12-21,96.469856
2011-12-22,97.324463
2011-12-23,98.194626
2011-12-27,98.272324
2011-12-28,96.982643
2011-12-29,97.984871
2011-12-30,97.503151
2012-01-03,99.057007
2012-01-04,99.21241
2012-01-05,99.476547
2012-01-06,99.220177
2012-01-09,99.461037
2012-01-10,100.323395
2012-01-11,100.377754
2012-01-12,100.618584
2012-01-13,100.098091
2012-01-17,100.486542
2012-01-18,101.597565
2012-01-19,102.133614
2012-01-20,102.51429
2012-01-23,102.250122
2012-01-24,102.133614
2012-01-25,102.988213
2012-01-26,102.459923
2012-01-27,102.4133
2012-01-30,102.063683
2012-01-31,102.024818
2012-02-01,102.918289
2012-02-02,103.081421
2012-02-03,104.526512
2012-02-06,104.456589
2012-02-07,104.720734
2012-02-08,105.031525
2012-02-09,105.163589
2012-02-10,104.386642
2012-02-13,105.163589
2012-02-14,105.031525
2012-02-15,104.542061
2012-02-16,105.699669
2012-02-17,105.979317
2012-02-21,106.02597
2012-02-22,105.684113
2012-02-23,106.150269
2012-02-24,106.383339
2012-02-27,106.562042
2012-02-28,106.872818
2012-02-29,106.45327
2012-03-01,107.00489
2012-03-02,106.678604
2012-03-05,106.243469
2012-03-06,104.689651
2012-03-07,105.420006
2012-03-08,106.468834
2012-03-09,106.880585
2012-03-12,106.888313
2012-03-13,108.815079
2012-03-14,108.698555
2012-03-15,109.327827
2012-03-16,109.479218
2012-03-19,109.908455
2012-03-20,109.588501
2012-03-21,109.40905
2012-03-22,108.620903
2012-03-23,108.972054
2012-03-26,110.50148
2012-03-27,110.158104
2012-03-28,109.6119
2012-03-29,109.424637
2012-03-30,109.877205
2012-04-02,110.680901
2012-04-03,110.22831
2012-04-04,109.13591
2012-04-05,109.081276
2012-04-09,107.856216
2012-04-10,106.045837
2012-04-11,106.904175
2012-04-12,108.300957
2012-04-13,107.013443
2012-04-16,106.943199
2012-04-17,108.52726
2012-04-18,108.160492
2012-04-19,107.466026
2012-04-20,107.645508
2012-04-23,106.740303
2012-04-24,107.146095
2012-04-25,108.613075
2012-04-26,109.36998
2012-04-27,109.549431
2012-04-30,109.143677
2012-05-01,109.822609
2012-05-02,109.494881
2012-05-03,108.659866
2012-05-04,106.904175
2012-05-07,106.982231
2012-05-08,106.553024
2012-05-09,105.921013
2012-05-10,106.139473
2012-05-11,105.819519
2012-05-14,104.64904
2012-05-15,104.048187
2012-05-16,103.650223
2012-05-17,102.113007
2012-05-18,101.239059
2012-05-21,102.979179
2012-05-22,103.158669
2012-05-23,103.213264
2012-05-24,103.416168
2012-05-25,103.080605
2012-05-29,104.329117
2012-05-30,102.815323
2012-05-31,102.588997
2012-06-01,100.006149
2012-06-04,99.959305
2012-06-05,100.716248
2012-06-06,102.979179
2012-06-07,103.041595
2012-06-08,103.860916
2012-06-11,102.542183
2012-06-12,103.720482
2012-06-13,103.05722
2012-06-14,104.149681
2012-06-15,105.214783
2012-06-18,105.418747
2012-06-19,106.438385
2012-06-20,106.265862
2012-06-21,103.881378
2012-06-22,104.681473
2012-06-25,103.002922
2012-06-26,103.520615
2012-06-27,104.453957
2012-06-28,104.155914
2012-06-29,106.752182
2012-07-02,107.073753
2012-07-03,107.779709
2012-07-05,107.293381
2012-07-06,106.273712
2012-07-09,106.14035
2012-07-10,105.214783
2012-07-11,105.230507
2012-07-12,104.720634
2012-07-13,106.477631
2012-07-16,106.226646
2012-07-17,106.956108
2012-07-18,107.748337
2012-07-19,108.030678
2012-07-20,107.042404
2012-07-23,105.959953
2012-07-24,105.050079
2012-07-25,105.073647
2012-07-26,106.80706
2012-07-27,108.775826
2012-07-30,108.775826
2012-07-31,108.015007
2012-08-01,107.920891
2012-08-02,107.175735
2012-08-03,109.301384
2012-08-06,109.513138
2012-08-07,110.062187
2012-08-08,110.195549
2012-08-09,110.289665
2012-08-10,110.47007
2012-08-13,110.415169
2012-08-14,110.430878
2012-08-15,110.55632
2012-08-16,111.372124
2012-08-17,111.521141
2012-08-20,111.528961
2012-08-21,111.191711
2012-08-22,111.238731
2012-08-23,110.328903
2012-08-24,110.995583
2012-08-27,111.019096
2012-08-28,110.909271
2012-08-29,110.995583
2012-08-30,110.195549
2012-08-31,110.721054
2012-09-04,110.619102
2012-09-05,110.525002
2012-09-06,112.768265
2012-09-07,113.20752
2012-09-10,112.564308
2012-09-11,112.878136
2012-09-12,113.25457
2012-09-13,114.980164
2012-09-14,115.490028
2012-09-17,115.097862
2012-09-18,115.0037
2012-09-19,115.06646
2012-09-20,115.074295
2012-09-21,115.026161
2012-09-24,114.852722
2012-09-25,113.63044
2012-09-26,112.99173
2012-09-27,114.056252
2012-09-28,113.527939
2012-10-01,113.827637
2012-10-02,113.945854
2012-10-03,114.411118
2012-10-04,115.231232
2012-10-05,115.239052
2012-10-08,114.844803
2012-10-09,113.709305
2012-10-10,112.983833
2012-10-11,113.046959
2012-10-12,112.676292
2012-10-15,113.614731
2012-10-16,114.765968
2012-10-17,115.28643
2012-10-18,114.986778
2012-10-19,113.070534
2012-10-22,113.086334
2012-10-23,111.51712
2012-10-24,111.201744
2012-10-25,111.525002
2012-10-26,111.461929
2012-10-31,111.461929
2012-11-01,112.628975
2012-11-02,111.627533
2012-11-05,111.856216
2012-11-06,112.731506
2012-11-07,110.176628
2012-11-08,108.85183
2012-11-09,108.94648
2012-11-12,109.033195
2012-11-13,108.654694
2012-11-14,107.187965
2012-11-15,107.006599
2012-11-16,107.534927
2012-11-19,109.711349
2012-11-20,109.758652
2012-11-21,109.963684
2012-11-23,111.461929
2012-11-26,111.225319
2012-11-27,110.657623
2012-11-28,111.548698
2012-11-29,112.069115
2012-11-30,112.092827
2012-12-03,111.540825
2012-12-04,111.383095
2012-12-05,111.580254
2012-12-06,111.958717
2012-12-07,112.297806
2012-12-10,112.345123
2012-12-11,113.110016
2012-12-12,113.165184
2012-12-13,112.471275
2012-12-14,112.053345
2012-12-17,113.370232
2012-12-18,114.631958
2012-12-19,113.780304
2012-12-20,114.434776
2012-12-21,113.396065
2012-12-24,113.046631
2012-12-26,112.570129
2012-12-27,112.419228
2012-12-28,111.204185
2012-12-31,113.094276
2013-01-02,115.992897
2013-01-03,115.730804
2013-01-04,116.239059
2013-01-07,115.92141
2013-01-08,115.587875
2013-01-09,115.881721
2013-01-10,116.802925
2013-01-11,116.795013
2013-01-14,116.715569
2013-01-15,116.795013
2013-01-16,116.779091
2013-01-17,117.533531
2013-01-18,117.795616
2013-01-22,118.430923
2013-01-23,118.621529
2013-01-24,118.653305
2013-01-25,119.320358
2013-01-28,119.177399
2013-01-29,119.645958
2013-01-30,119.177399
2013-01-31,118.883598
2013-02-01,120.106598
2013-02-04,118.75647
2013-02-05,119.955658
2013-02-06,120.043037
2013-02-07,119.884201
2013-02-08,120.551254
2013-02-11,120.527473
2013-02-12,120.725998
2013-02-13,120.829178
2013-02-14,120.940384
2013-02-15,120.79747
2013-02-19,121.702812
2013-02-20,120.185997
2013-02-21,119.455353
2013-02-22,120.622765
2013-02-25,118.327652
2013-02-26,119.137741
2013-02-27,120.638649
2013-02-28,120.400429
2013-03-01,120.79747
2013-03-04,121.440704
2013-03-05,122.52877
2013-03-06,122.695473
2013-03-07,122.917839
2013-03-08,123.441925
2013-03-11,123.9105
2013-03-12,123.632545
2013-03-13,123.807251
2013-03-14,124.466362
2013-03-15,124.302109
2013-03-18,123.616096
2013-03-19,123.328987
2013-03-20,124.190453
2013-03-21,123.129532
2013-03-22,124.118614
2013-03-25,123.600121
2013-03-26,124.589256
2013-03-27,124.589256
2013-03-28,124.972137
2013-04-01,124.4776
2013-04-02,125.091827
2013-04-03,123.823441
2013-04-04,124.325981
2013-04-05,123.76767
2013-04-08,124.605225
2013-04-09,125.035973
2013-04-10,126.567497
2013-04-11,126.982285
2013-04-12,126.671165
2013-04-15,123.735725
2013-04-16,125.562447
2013-04-17,123.727791
2013-04-18,122.954018
2013-04-19,124.022911
2013-04-22,124.573349
2013-04-23,125.857574
2013-04-24,125.937309
2013-04-25,126.447838
2013-04-26,126.224464
2013-04-29,127.070045
2013-04-30,127.373192
2013-05-01,126.256401
2013-05-02,127.428963
2013-05-03,128.721207
2013-05-06,129.048325
2013-05-07,129.702393
2013-05-08,130.292648
2013-05-09,129.925781
2013-05-10,130.34848
2013-05-13,130.452164
2013-05-14,131.800278
2013-05-15,132.510208
2013-05-16,131.888016
2013-05-17,133.164261
2013-05-20,133.156311
2013-05-21,133.347717
2013-05-22,132.358612
2013-05-23,131.975739
2013-05-24,131.864044
2013-05-28,132.653748
2013-05-29,131.792221
2013-05-30,132.278885
2013-05-31,130.380402
2013-06-03,131.098373
2013-06-04,130.468124
2013-06-05,128.641495
2013-06-06,129.806122
2013-06-07,131.457245
2013-06-10,131.457245
2013-06-11,130.101212
2013-06-12,129.024338
2013-06-13,130.986664
2013-06-14,130.165054
2013-06-17,131.17012
2013-06-18,132.207047
2013-06-19,130.380402
2013-06-20,127.149826
2013-06-21,127.558014
2013-06-24,125.946175
2013-06-25,127.157036
2013-06-26,128.416016
2013-06-27,129.16983
2013-06-28,128.640579
2013-07-01,129.394333
2013-07-02,129.274094
2013-07-03,129.33017
2013-07-05,130.72551
2013-07-08,131.471268
2013-07-09,132.417465
2013-07-10,132.465622
2013-07-11,134.269913
2013-07-12,134.326004
2013-07-15,134.839279
2013-07-16,134.334076
2013-07-17,134.678879
2013-07-18,135.416565
2013-07-19,135.657166
2013-07-22,135.921799
2013-07-23,135.633057
2013-07-24,135.135895
2013-07-25,135.464661
2013-07-26,135.609085
2013-07-29,135.192047
2013-07-30,135.192047
2013-07-31,135.288254
2013-08-01,136.85199
2013-08-02,137.084534
2013-08-05,136.884048
2013-08-06,136.106171
2013-08-07,135.665161
2013-08-08,136.162369
2013-08-09,135.769379
2013-08-12,135.609085
2013-08-13,136.009979
2013-08-14,135.312302
2013-08-15,133.419861
2013-08-16,132.978821
2013-08-19,132.128799
2013-08-20,132.778366
2013-08-21,131.960342
2013-08-22,133.163239
2013-08-23,133.61232
2013-08-26,133.115143
2013-08-27,130.974075
2013-08-28,131.439194
2013-08-29,131.647659
2013-08-30,131.230606
2013-09-03,131.824036
2013-09-04,132.914642
2013-09-05,133.083038
2013-09-06,133.147217
2013-09-09,134.42218
2013-09-10,135.416565
2013-09-11,135.841583
2013-09-12,135.480743
2013-09-13,135.785507
2013-09-16,136.571335
2013-09-17,137.180756
2013-09-18,138.768524
2013-09-19,138.535965
2013-09-20,137.567368
2013-09-23,136.930786
2013-09-24,136.608459
2013-09-25,136.213577
2013-09-26,136.737442
2013-09-27,136.108887
2013-09-30,135.383636
2013-10-01,136.455383
2013-10-02,136.326462
2013-10-03,135.069366
2013-10-04,136.092743
2013-10-07,134.916321
2013-10-08,133.344971
2013-10-09,133.441666
2013-10-10,136.318359
2013-10-11,137.196716
2013-10-14,137.744705
2013-10-15,136.745483
2013-10-16,138.655228
2013-10-17,139.581894
2013-10-18,140.524719
2013-10-21,140.532776
2013-10-22,141.346588
2013-10-23,140.669754
2013-10-24,141.1371
2013-10-25,141.781784
2013-10-28,142.007385
2013-10-29,142.764862
2013-10-30,142.05574
2013-10-31,141.652771
2013-11-01,141.991257
2013-11-04,142.490891
2013-11-05,142.039627
2013-11-06,142.764862
2013-11-07,140.959808
2013-11-08,142.861572
2013-11-11,142.885757
2013-11-12,142.595673
2013-11-13,143.739868
2013-11-14,144.457001
2013-11-15,145.085587
2013-11-18,144.577896
2013-11-19,144.263626
2013-11-20,143.812439
2013-11-21,144.972778
2013-11-22,145.697952
2013-11-25,145.552933
2013-11-26,145.593216
2013-11-27,145.947754
2013-11-29,145.851089
2013-12-02,145.472382
2013-12-03,144.843826
2013-12-04,144.827652
2013-12-05,144.191162
2013-12-06,145.802719
2013-12-09,146.17337
2013-12-10,145.649658
2013-12-11,144.013885
2013-12-12,143.538406
2013-12-13,143.522339
2013-12-16,144.416763
2013-12-17,143.957443
2013-12-18,146.415115
2013-12-19,146.246002
2013-12-20,147.096603
2013-12-23,147.882462
2013-12-24,148.206558
2013-12-26,148.959976
2013-12-27,148.95195
2013-12-30,148.927612
2013-12-31,149.632507
2014-01-02,148.198517
2014-01-03,148.174194
2014-01-06,147.744766
2014-01-07,148.652176
2014-01-08,148.684601
2014-01-09,148.781784
2014-01-10,149.186844
2014-01-13,147.20192
2014-01-14,148.806122
2014-01-15,149.608185
2014-01-16,149.413727
2014-01-17,148.781784
2014-01-21,149.219345
2014-01-22,149.316544
2014-01-23,148.09317
2014-01-24,144.933426
2014-01-27,144.220459
2014-01-28,145.079254
2014-01-29,143.685745
2014-01-30,145.208878
2014-01-31,144.35817
2014-02-03,141.10939
2014-02-04,142.097778
2014-02-05,141.91954
2014-02-06,143.791092
2014-02-07,145.573441
2014-02-10,145.840866
2014-02-11,147.436844
2014-02-12,147.509842
2014-02-13,148.271408
2014-02-14,149.089661
2014-02-18,149.267929
2014-02-19,148.279465
2014-02-20,149.154526
2014-02-21,148.98439
2014-02-24,149.810699
2014-02-25,149.754013
2014-02-26,149.762085
2014-02-27,150.54805
2014-02-28,150.928772
2014-03-03,149.867432
2014-03-04,151.973938
2014-03-05,152.111618
2014-03-06,152.460037
2014-03-07,152.524826
2014-03-10,152.443787
2014-03-11,151.690338
2014-03-12,151.730835
2014-03-13,150.029434
2014-03-14,149.608185
2014-03-17,150.961227
2014-03-18,152.038727
2014-03-19,151.228577
2014-03-20,152.111618
2014-03-21,151.521698
2014-03-24,150.895065
2014-03-25,151.611191
2014-03-26,150.520844
2014-03-27,150.20343
2014-03-28,150.943893
2014-03-31,152.180801
2014-04-01,153.189865
2014-04-02,153.702576
2014-04-03,153.4991
2014-04-04,151.684418
2014-04-07,150.008057
2014-04-08,150.626572
2014-04-09,152.245941
2014-04-10,149.047867
2014-04-11,147.705124
2014-04-14,148.868866
2014-04-15,149.89418
2014-04-16,151.464676
2014-04-17,151.67627
2014-04-21,152.205215
2014-04-22,152.896942
2014-04-23,152.538849
2014-04-24,152.848114
2014-04-25,151.594879
2014-04-28,152.075027
2014-04-29,152.782959
2014-04-30,153.238708
2014-05-01,153.255005
2014-05-02,153.035324
2014-05-05,153.328171
2014-05-06,151.993637
2014-05-07,152.888794
2014-05-08,152.725998
2014-05-09,152.953903
2014-05-12,154.443024
2014-05-13,154.581451
2014-05-14,153.849014
2014-05-15,152.49823
2014-05-16,153.027145
2014-05-19,153.588593
2014-05-20,152.620285
2014-05-21,153.906006
2014-05-22,154.280273
2014-05-23,154.898788
2014-05-27,155.850845
2014-05-28,155.736938
2014-05-29,156.542587
2014-05-30,156.794846
2014-06-02,156.973846
2014-06-03,156.892471
2014-06-04,157.209824
2014-06-05,158.235123
2014-06-06,158.99202
2014-06-09,159.154739
2014-06-10,159.171005
2014-06-11,158.617645
2014-06-12,157.494659
2014-06-13,157.974777
2014-06-16,158.104965
2014-06-17,158.544418
2014-06-18,159.708038
2014-06-19,159.887115
2014-06-20,160.21167
2014-06-23,160.162643
2014-06-24,159.197784
2014-06-25,159.917389
2014-06-26,159.802856
2014-06-27,160.113586
2014-06-30,160.031784
2014-07-01,161.102951
2014-07-02,161.26651
2014-07-03,162.059586
2014-07-07,161.495377
2014-07-08,160.456985
2014-07-09,161.17659
2014-07-10,160.538757
2014-07-11,160.759567
2014-07-14,161.568954
2014-07-15,161.26651
2014-07-16,161.863373
2014-07-17,160.023651
2014-07-18,161.658997
2014-07-21,161.3564
2014-07-22,162.059586
2014-07-23,162.419388
2014-07-24,162.427521
2014-07-25,161.667114
2014-07-28,161.732559
2014-07-29,161.037567
2014-07-30,161.062088
2014-07-31,157.881409
2014-08-01,157.399017
2014-08-04,158.535461
2014-08-05,156.998291
2014-08-06,157.047394
2014-08-07,156.197021
2014-08-08,158.004044
2014-08-11,158.461884
2014-08-12,158.241165
2014-08-13,159.312271
2014-08-14,160.064575
2014-08-15,160.031784
2014-08-18,161.372833
2014-08-19,162.214951
2014-08-20,162.648315
2014-08-21,163.122528
2014-08-22,162.869125
2014-08-25,163.694916
2014-08-26,163.801208
2014-08-27,163.735855
2014-08-28,163.645828
2014-08-29,164.111954
2014-09-02,164.030167
2014-09-03,163.940247
2014-09-04,163.70311
2014-09-05,164.438995
2014-09-08,164.013809
2014-09-09,162.975403
2014-09-10,163.588684
2014-09-11,163.776688
2014-09-12,162.820038
2014-09-15,162.697388
2014-09-16,163.923889
2014-09-17,164.144653
2014-09-18,165.019485
2014-09-19,164.870804
2014-09-22,163.597565
2014-09-23,162.66098
2014-09-24,163.934341
2014-09-25,161.28923
2014-09-26,162.570679
2014-09-29,162.274963
2014-09-30,161.847794
2014-10-01,159.654465
2014-10-02,159.679138
2014-10-03,161.437103
2014-10-06,161.248154
2014-10-07,158.759033
2014-10-08,161.535645
2014-10-09,158.331863
2014-10-10,156.524612
2014-10-13,153.953384
2014-10-14,154.191574
2014-10-15,153.148331
2014-10-16,153.016907
2014-10-17,154.824173
2014-10-20,156.327438
2014-10-21,159.424454
2014-10-22,158.290802
2014-10-23,160.13092
2014-10-24,161.363083
2014-10-27,161.141327
2014-10-28,162.989639
2014-10-29,162.743256
2014-10-30,163.786514
2014-10-31,165.6595
2014-11-03,165.749863
2014-11-04,165.174774
2014-11-05,166.218048
2014-11-06,166.883469
2014-11-07,167.039566
2014-11-10,167.565231
2014-11-11,167.72963
2014-11-12,167.548874
2014-11-13,167.737854
2014-11-14,167.778885
2014-11-17,167.885696
2014-11-18,168.855011
2014-11-19,168.583923
2014-11-20,168.8797
2014-11-21,169.783295
2014-11-24,170.259766
2014-11-25,170.136505
2014-11-26,170.571899
2014-11-28,170.21051
2014-12-01,169.027542
2014-12-02,170.120117
2014-12-03,170.777267
2014-12-04,170.588379
2014-12-05,170.867676
2014-12-08,169.725754
2014-12-09,169.610794
2014-12-10,166.891663
2014-12-11,167.737854
2014-12-12,165.026932
2014-12-15,163.89328
2014-12-16,162.578949
2014-12-17,165.766281
2014-12-18,169.865402
2014-12-19,170.588257
2014-12-22,171.37291
2014-12-23,171.604202
2014-12-24,171.620728
2014-12-26,172.174179
2014-12-29,172.405411
2014-12-30,171.480316
2014-12-31,169.778717
2015-01-02,169.687912
2015-01-05,166.623367
2015-01-06,165.05394
2015-01-07,167.110672
2015-01-08,170.076126
2015-01-09,168.713165
2015-01-12,167.391495
2015-01-13,166.920715
2015-01-14,165.912964
2015-01-15,164.393051
2015-01-16,166.548965
2015-01-20,166.904205
2015-01-21,167.746704
2015-01-22,170.241272
2015-01-23,169.307846
2015-01-26,169.704391
2015-01-27,167.465866
2015-01-28,165.318268
2015-01-29,166.846375
2015-01-30,164.74826
2015-02-02,166.788574
2015-02-03,169.20047
2015-02-04,168.556198
2015-02-05,170.257797
2015-02-06,169.786987
2015-02-09,169.026993
2015-02-10,170.827713
2015-02-11,170.926865
2015-02-12,172.570618
2015-02-13,173.280975
2015-02-17,173.553619
2015-02-18,173.570129
2015-02-19,173.446213
2015-02-20,174.486969
2015-02-23,174.46225
2015-02-24,174.957794
2015-02-25,174.809128
2015-02-26,174.602631
2015-02-27,174.007889
2015-03-02,175.106476
2015-03-03,174.387863
2015-03-04,173.652695
2015-03-05,173.842712
2015-03-06,171.397736
2015-03-09,172.108078
2015-03-10,169.316132
2015-03-11,168.919678
2015-03-12,171.067276
2015-03-13,170.01828
2015-03-16,172.289856
2015-03-17,171.777649
2015-03-18,173.842712
2015-03-19,173.049713
2015-03-20,174.577225
2015-03-23,174.237015
2015-03-24,173.258041
2015-03-25,170.71907
2015-03-26,170.312515
2015-03-27,170.70253
2015-03-30,172.785049
2015-03-31,171.274994
2015-04-01,170.669342
2015-04-02,171.283295
2015-04-06,172.436554
2015-04-07,171.980255
2015-04-08,172.56102
2015-04-09,173.324341
2015-04-10,174.270187
2015-04-13,173.481964
2015-04-14,173.813843
2015-04-15,174.593781
2015-04-16,174.544037
2015-04-17,172.536087
2015-04-20,174.11261
2015-04-21,173.905212
2015-04-22,174.759796
2015-04-23,175.199432
2015-04-24,175.605988
2015-04-27,174.875839
2015-04-28,175.431778
2015-04-29,174.709976
2015-04-30,172.959305
2015-05-01,174.834396
2015-05-04,175.332199
2015-05-05,173.324341
2015-05-06,172.610794
2015-05-07,173.2995
2015-05-08,175.581131
2015-05-11,174.743179
2015-05-12,174.220444
2015-05-13,174.253647
2015-05-14,176.070709
2015-05-15,176.261551
2015-05-18,176.809128
2015-05-19,176.750992
2015-05-20,176.626526
2015-05-21,177.141006
2015-05-22,176.717834
2015-05-26,174.817795
2015-05-27,176.477173
2015-05-28,176.278107
2015-05-29,175.182892
2015-06-01,175.539612
2015-06-02,175.365402
2015-06-03,175.830063
2015-06-04,174.344864
2015-06-05,174.046219
2015-06-08,172.975845
2015-06-09,172.950974
2015-06-10,175.025208
2015-06-11,175.589417
2015-06-12,174.2453
2015-06-15,173.498611
2015-06-16,174.444458
2015-06-17,174.726593
2015-06-18,176.543625
2015-06-19,175.759888
2015-06-22,176.660324
2015-06-23,176.785355
2015-06-24,175.50145
2015-06-25,174.967819
2015-06-26,174.934479
2015-06-29,171.266037
2015-06-30,171.624527
2015-07-01,173.000275
2015-07-02,172.841797
2015-07-06,172.349854
2015-07-07,173.433762
2015-07-08,170.524033
2015-07-09,170.832504
2015-07-10,172.983536
2015-07-13,174.892822
2015-07-14,175.651443
2015-07-15,175.593155
2015-07-16,177.002121
2015-07-17,177.152191
2015-07-20,177.243942
2015-07-21,176.54364
2015-07-22,176.226791
2015-07-23,175.234604
2015-07-24,173.417084
2015-07-27,172.408279
2015-07-28,174.525925
2015-07-29,175.726486
2015-07-30,175.768234
2015-07-31,175.50145
2015-08-03,174.909454
2015-08-04,174.567657
2015-08-05,175.142914
2015-08-06,173.708847
2015-08-07,173.375336
2015-08-10,175.559784
2015-08-11,173.975723
2015-08-12,174.184082
2015-08-13,173.967316
2015-08-14,174.601013
2015-08-17,175.576431
2015-08-18,175.067886
2015-08-19,173.683868
2015-08-20,170.057159
2015-08-21,164.937958
2015-08-24,157.992966
2015-08-25,156.133713
2015-08-26,162.128281
2015-08-27,166.138565
2015-08-28,166.146881
2015-08-31,164.804611
2015-09-01,159.885559
2015-09-02,162.920364
2015-09-03,163.037048
2015-09-04,160.569183
2015-09-08,164.604462
2015-09-09,162.403381
2015-09-10,163.287109
2015-09-11,164.029221
2015-09-14,163.420593
2015-09-15,165.463303
2015-09-16,166.897247
2015-09-17,166.522064
2015-09-18,163.800842
2015-09-21,164.647339
2015-09-22,162.510269
2015-09-23,162.250443
2015-09-24,161.663818
2015-09-25,161.621887
2015-09-28,157.565598
2015-09-29,157.657776
2015-09-30,160.599442
2015-10-01,161.018509
2015-10-02,163.423752
2015-10-05,166.331863
2015-10-06,165.761948
2015-10-07,167.119675
2015-10-08,168.628128
2015-10-09,168.728683
2015-10-12,168.888
2015-10-13,167.823624
2015-10-14,167.019043
2015-10-15,169.583527
2015-10-16,170.354568
2015-10-19,170.438416
2015-10-20,170.220535
2015-10-21,169.16452
2015-10-22,172.022339
2015-10-23,173.907974
2015-10-26,173.480637
2015-10-27,173.14534
2015-10-28,175.114853
2015-10-29,175.014282
2015-10-30,174.26001
2015-11-02,176.321609
2015-11-03,176.832855
2015-11-04,176.296494
2015-11-05,176.120468
2015-11-06,176.028366
2015-11-09,174.385712
2015-11-10,174.787994
2015-11-11,174.100754
2015-11-12,171.670349
2015-11-13,169.742752
2015-11-16,172.32402
2015-11-17,172.198364
2015-11-18,174.93042
2015-11-19,174.779572
2015-11-20,175.416595
2015-11-23,175.215378
2015-11-24,175.450043
2015-11-25,175.424911
2015-11-27,175.626022
2015-11-30,174.896896
2015-12-01,176.564667
2015-12-02,174.762817
2015-12-03,172.315643
2015-12-04,175.67627
2015-12-07,174.612
2015-12-08,173.43866
2015-12-09,172.089386
2015-12-10,172.533554
2015-12-11,169.189636
2015-12-14,170.044464
2015-12-15,171.829605
2015-12-16,174.343796
2015-12-17,171.687103
2015-12-18,168.628464
2015-12-21,170.019531
2015-12-22,171.562332
2015-12-23,173.686859
2015-12-24,173.400208
2015-12-28,173.003967
2015-12-29,174.85025
2015-12-30,173.610977
2015-12-31,171.874222
2016-01-04,169.471542
2016-01-05,169.758209
2016-01-06,167.616867
2016-01-07,163.595459
2016-01-08,161.799728
2016-01-11,161.95993
2016-01-12,163.266663
2016-01-13,159.194702
2016-01-14,161.808136
2016-01-15,158.334778
2016-01-19,158.545517
2016-01-20,156.513748
2016-01-21,157.390472
2016-01-22,160.619446
2016-01-25,158.191437
2016-01-26,160.34964
2016-01-27,158.604523
2016-01-28,159.430679
2016-01-29,163.317215
2016-02-01,163.258224
2016-02-02,160.315964
2016-02-03,161.277023
2016-02-04,161.529938
2016-02-05,158.452728
2016-02-08,156.319916
2016-02-09,156.328247
2016-02-10,156.193405
2016-02-11,154.161591
2016-02-12,157.339951
2016-02-16,159.995529
2016-02-17,162.60907
2016-02-18,161.943039
2016-02-19,161.867188
2016-02-22,164.210861
2016-02-23,162.136963
2016-02-24,162.87883
2016-02-25,164.851593
2016-02-26,164.472198
2016-02-29,163.182358
2016-03-01,167.01828
2016-03-02,167.768555
2016-03-03,168.426147
2016-03-04,168.974136
2016-03-07,169.108994
2016-03-08,167.262756
2016-03-09,168.088943
2016-03-10,168.223816
2016-03-11,170.938507
2016-03-14,170.719254
2016-03-15,170.441025
2016-03-16,171.427444
2016-03-17,172.515015
2016-03-18,173.192886
2016-03-21,173.438629
2016-03-22,173.345474
2016-03-23,172.201462
2016-03-24,172.125183
2016-03-28,172.226929
2016-03-29,173.820007
2016-03-30,174.582642
2016-03-31,174.158997
2016-04-01,175.345352
2016-04-04,174.777542
2016-04-05,173.031921
2016-04-06,174.921616
2016-04-07,172.828537
2016-04-08,173.294617
2016-04-11,172.887848
2016-04-12,174.497894
2016-04-13,176.260513
2016-04-14,176.268997
2016-04-15,176.074112
2016-04-18,177.311325
2016-04-19,177.870636
2016-04-20,178.040115
2016-04-21,177.082535
2016-04-22,177.082535
2016-04-25,176.777435
2016-04-26,177.040131
2016-04-27,177.404526
2016-04-28,175.794464
2016-04-29,174.845398
2016-05-02,176.235123
2016-05-03,174.701324
2016-05-04,173.726761
2016-05-05,173.692902
2016-05-06,174.328461
2016-05-09,174.472504
2016-05-10,176.641891
2016-05-11,174.989426
2016-05-12,175.040253
2016-05-13,173.514893
2016-05-16,175.226669
2016-05-17,173.591156
2016-05-18,173.641998
2016-05-19,173.040405
2016-05-20,174.133545
2016-05-23,173.896301
2016-05-24,176.150345
2016-05-25,177.3452
2016-05-26,177.396072
2016-05-27,178.158768
2016-05-31,177.819763
2016-06-01,178.184158
2016-06-02,178.726471
2016-06-03,178.192627
2016-06-06,179.09935
2016-06-07,179.378937
2016-06-08,179.963684
2016-06-09,179.717911
2016-06-10,178.014664
2016-06-13,176.641891
2016-06-14,176.294418
2016-06-15,176.048645
2016-06-16,176.574051
2016-06-17,175.916458
2016-06-20,177.049362
2016-06-21,177.551895
2016-06-22,177.262314
2016-06-23,179.57077
2016-06-24,173.122498
2016-06-27,170.021881
2016-06-28,173.08847
2016-06-29,176.035736
2016-06-30,178.437881
2016-07-01,178.812637
2016-07-05,177.526398
2016-07-06,178.591187
2016-07-07,178.480438
2016-07-08,181.138168
2016-07-11,181.776932
2016-07-12,183.097229
2016-07-13,183.071701
2016-07-14,184.093903
2016-07-15,183.846848
2016-07-18,184.340897
2016-07-19,184.153503
2016-07-20,184.920151
2016-07-21,184.221664
2016-07-22,185.047943
2016-07-25,184.545303
2016-07-26,184.630539
2016-07-27,184.434601
2016-07-28,184.647568
2016-07-29,184.945709
2016-08-01,184.792343
2016-08-02,183.608383
2016-08-03,184.145004
2016-08-04,184.340897
2016-08-05,185.848618
2016-08-08,185.737869
2016-08-09,185.848618
2016-08-10,185.388596
2016-08-11,186.248993
2016-08-12,186.087128
2016-08-15,186.623734
2016-08-16,185.661194
2016-08-17,186.010422
2016-08-18,186.427841
2016-08-19,186.155197
2016-08-22,186.146744
2016-08-23,186.521561
2016-08-24,185.56749
2016-08-25,185.439728
2016-08-26,185.0905
2016-08-29,186.001923
2016-08-30,185.695282
2016-08-31,185.167191
2016-09-01,185.175644
2016-09-02,186.010422
2016-09-06,186.572662
2016-09-07,186.555618
2016-09-08,186.129715
2016-09-09,181.674728
2016-09-12,184.281296
2016-09-13,181.632141
2016-09-14,181.564041
2016-09-15,183.378357
2016-09-16,182.669464
2016-09-19,182.703659
2016-09-20,182.71228
2016-09-21,184.766968
2016-09-22,185.931244
2016-09-23,184.912537
2016-09-26,183.414291
2016-09-27,184.552917
2016-09-28,185.469025
2016-09-29,183.790985
2016-09-30,185.177933
2016-10-03,184.732758
2016-10-04,183.790985
2016-10-05,184.604294
2016-10-06,184.732758
2016-10-07,184.099182
2016-10-10,185.057999
2016-10-11,182.72084
2016-10-12,182.960571
2016-10-13,182.361298
2016-10-14,182.455444
2016-10-17,181.82193
2016-10-18,182.960571
2016-10-19,183.448532
2016-10-20,183.106125
2016-10-21,183.191696
2016-10-24,183.97081
2016-10-25,183.35437
2016-10-26,182.986252
2016-10-27,182.498291
2016-10-28,181.958908
2016-10-31,181.967438
2016-11-01,180.649048
2016-11-02,179.561798
2016-11-03,178.739929
2016-11-04,178.543015
2016-11-07,182.481171
2016-11-08,183.302979
2016-11-09,185.246384
2016-11-10,185.708725
2016-11-11,185.280609
2016-11-14,185.426102
2016-11-15,186.873001
2016-11-16,186.521957
2016-11-17,187.48085
2016-11-18,187.061386
2016-11-21,188.473892
2016-11-22,188.842102
2016-11-23,188.944809
2016-11-25,189.64679
2016-11-28,188.756424
2016-11-29,189.124603
2016-11-30,188.670868
2016-12-01,187.977402
2016-12-02,188.071579
2016-12-05,189.20163
2016-12-06,189.800949
2016-12-07,192.283691
2016-12-08,192.754501
2016-12-09,193.918854
2016-12-12,193.696304
2016-12-13,194.988968
2016-12-14,193.379456
2016-12-15,194.17569
2016-12-16,193.795929
2016-12-19,194.217865
2016-12-20,194.967117
2016-12-21,194.424576
2016-12-22,194.088715
2016-12-23,194.372894
2016-12-27,194.855133
2016-12-28,193.244751
2016-12-29,193.201691
2016-12-30,192.49559
2017-01-03,193.96814
2017-01-04,195.12207
2017-01-05,194.967117
2017-01-06,195.664612
2017-01-09,195.018784
2017-01-10,195.018784
2017-01-11,195.569901
2017-01-12,195.079071
2017-01-13,195.526871
2017-01-17,194.837921
2017-01-18,195.268463
2017-01-19,194.545105
2017-01-20,195.259918
2017-01-23,194.751816
2017-01-24,196.000504
2017-01-25,197.697006
2017-01-26,197.49028
2017-01-27,197.180328
2017-01-30,195.957443
2017-01-31,195.940216
2017-02-01,196.017715
2017-02-02,196.146896
2017-02-03,197.498886
2017-02-06,197.145813
2017-02-07,197.154434
2017-02-08,197.412766
2017-02-09,198.583984
2017-02-10,199.36763
2017-02-13,200.452728
2017-02-14,201.253632
2017-02-15,202.304199
2017-02-16,202.131973
2017-02-17,202.450577
2017-02-21,203.656204
2017-02-22,203.475372
2017-02-23,203.613113
2017-02-24,203.871567
2017-02-27,204.19017
2017-02-28,203.638992
2017-03-01,206.489456
2017-03-02,205.189087
2017-03-03,205.318253
2017-03-06,204.706879
2017-03-07,204.095383
2017-03-08,203.716522
2017-03-09,203.974823
2017-03-10,204.689606
2017-03-13,204.792969
2017-03-14,204.009308
2017-03-15,205.774704
2017-03-16,205.369934
2017-03-17,205.009262
2017-03-20,204.784363
2017-03-21,202.155029
2017-03-22,202.630768
2017-03-23,202.414536
2017-03-24,202.267517
2017-03-27,202.059937
2017-03-28,203.530273
2017-03-29,203.72052
2017-03-30,204.369247
2017-03-31,203.893524
2017-04-03,203.538956
2017-04-04,203.668655
2017-04-05,203.063217
2017-04-06,203.634125
2017-04-07,203.426453
2017-04-10,203.547592
2017-04-11,203.305405
2017-04-12,202.414536
2017-04-13,201.099884
2017-04-17,202.881607
2017-04-18,202.276169
2017-04-19,201.904236
2017-04-20,203.547592
2017-04-21,202.898911
2017-04-24,205.130341
2017-04-25,206.323959
2017-04-26,206.194214
2017-04-27,206.367203
2017-04-28,205.917404
2017-05-01,206.43634
2017-05-02,206.514191
2017-05-03,206.263382
2017-05-04,206.505554
2017-05-05,207.318558
2017-05-08,207.283966
2017-05-09,207.093689
2017-05-10,207.465561
2017-05-11,207.041794
2017-05-12,206.69577
2017-05-15,207.83757
2017-05-16,207.647247
2017-05-17,203.962723
2017-05-18,204.784363
2017-05-19,206.116333
2017-05-22,207.162903
2017-05-23,207.621292
2017-05-24,208.105637
2017-05-25,209.100311
2017-05-26,209.057007
2017-05-30,208.875412
2017-05-31,208.823563
2017-06-01,210.4841
2017-06-02,211.184738
2017-06-05,211.029037
2017-06-06,210.35437
2017-06-07,210.743622
2017-06-08,210.847412
2017-06-09,210.527374
2017-06-12,210.4841
2017-06-13,211.513382
2017-06-14,211.24527
2017-06-15,210.838699
2017-06-16,210.884842
2017-06-19,212.640442
2017-06-20,211.206421
2017-06-21,211.154251
2017-06-22,211.058655
2017-06-23,211.310669
2017-06-26,211.449661
2017-06-27,209.746246
2017-06-28,211.623535
2017-06-29,209.763626
2017-06-30,210.15477
2017-07-03,210.511154
2017-07-05,210.997787
2017-07-06,209.068314
2017-07-07,210.42421
2017-07-10,210.650162
2017-07-11,210.493744
2017-07-12,212.075531
2017-07-13,212.431824
2017-07-14,213.422699
2017-07-17,213.396591
2017-07-18,213.509567
2017-07-19,214.665543
2017-07-20,214.761139
2017-07-21,214.569901
2017-07-24,214.517792
2017-07-25,215.039215
2017-07-26,215.047913
2017-07-27,214.848022
2017-07-28,214.595978
2017-07-31,214.474335
2017-08-01,214.952347
2017-08-02,215.056595
2017-08-03,214.63945
2017-08-04,215.030502
2017-08-07,215.430374
2017-08-08,214.900177
2017-08-09,214.891464
2017-08-10,211.858231
2017-08-11,212.171143
2017-08-14,214.274414
2017-08-15,214.248276
2017-08-16,214.62204
2017-08-17,211.275925
2017-08-18,210.945633
2017-08-21,211.110794
2017-08-22,213.318359
2017-08-23,212.553558
2017-08-24,212.058151
2017-08-25,212.553558
2017-08-28,212.56218
2017-08-29,212.805557
2017-08-30,213.813766
2017-08-31,215.100082
2017-09-01,215.404266
2017-09-05,213.857178
2017-09-06,214.58728
2017-09-07,214.561249
2017-09-08,214.309143
2017-09-11,216.595001
2017-09-12,217.325027
2017-09-13,217.429337
2017-09-14,217.359818
2017-09-15,217.652435
2017-09-18,218.115295
2017-09-19,218.333725
2017-09-20,218.412323
2017-09-21,217.827087
2017-09-22,217.870743
2017-09-25,217.425308
2017-09-26,217.556335
2017-09-27,218.403549
2017-09-28,218.665588
2017-09-29,219.434219
2017-10-02,220.386261
2017-10-03,220.857941
2017-10-04,221.11998
2017-10-05,222.43013
2017-10-06,222.176834
2017-10-09,221.810013
2017-10-10,222.395187
2017-10-11,222.744598
2017-10-12,222.412628
2017-10-13,222.683426
2017-10-16,222.980392
2017-10-17,223.137634
2017-10-18,223.355988
2017-10-19,223.41716
2017-10-20,224.570023
2017-10-23,223.696579
2017-10-24,224.089661
2017-10-25,222.980392
2017-10-26,223.268616
2017-10-27,225.094131
2017-10-30,224.255646
2017-10-31,224.604996
2017-11-01,224.901947
2017-11-02,224.989304
2017-11-03,225.740479
2017-11-06,226.089813
2017-11-07,225.932648
2017-11-08,226.316956
2017-11-09,225.495911
2017-11-10,225.42598
2017-11-13,225.635635
2017-11-14,225.111588
2017-11-15,223.984863
2017-11-16,225.888947
2017-11-17,225.225113
2017-11-20,225.609451
2017-11-21,227.085556
2017-11-22,226.884644
2017-11-24,227.408768
2017-11-27,227.295166
2017-11-28,229.601105
2017-11-29,229.461334
2017-11-30,231.47023
2017-12-01,230.989838
2017-12-04,230.710312
2017-12-05,229.880585
2017-12-06,229.92421
2017-12-07,230.649231
2017-12-08,231.906937
2017-12-11,232.605743
2017-12-12,233.016251
2017-12-13,232.990021
2017-12-14,232.037949
2017-12-15,233.970276
2017-12-18,235.453888
2017-12-19,234.549637
2017-12-20,234.426743
2017-12-21,234.909637
2017-12-22,234.848129
2017-12-26,234.567169
2017-12-27,234.681335
2017-12-28,235.164215
2017-12-29,234.277512
2018-01-02,235.95433
2018-01-03,237.446701
2018-01-04,238.447495
2018-01-05,240.036545
2018-01-08,240.475464
2018-01-09,241.019791
2018-01-10,240.651108
2018-01-11,242.406891
2018-01-12,243.987091
2018-01-16,243.153122
2018-01-17,245.470718
2018-01-18,245.058197
2018-01-19,246.173096
2018-01-22,248.174713
2018-01-23,248.701431
2018-01-24,248.604904
2018-01-25,248.71019
2018-01-26,251.589676
2018-01-29,249.921677
2018-01-30,247.358215
2018-01-31,247.481216
2018-02-01,247.200256
2018-02-02,241.81871
2018-02-05,231.705231
2018-02-06,236.270401
2018-02-07,234.988602
2018-02-08,226.174438
2018-02-09,229.571945
2018-02-12,232.943054
2018-02-13,233.522507
2018-02-14,236.674179
2018-02-15,239.694138
2018-02-16,239.764343
2018-02-20,238.263199
2018-02-21,237.078064
2018-02-22,237.385208
2018-02-23,241.169083
2018-02-26,243.969513
2018-02-27,240.923264
2018-02-28,238.482666
2018-03-01,235.014938
2018-03-02,236.226471
2018-03-05,238.956665
2018-03-06,239.562439
2018-03-07,239.474716
2018-03-08,240.633591
2018-03-09,244.821167
2018-03-12,244.513779
2018-03-13,242.93367
2018-03-14,241.687027
2018-03-15,241.423599
2018-03-16,241.68544
2018-03-19,238.415344
2018-03-20,238.820831
2018-03-21,238.362473
2018-03-22,232.404099
2018-03-23,227.45047
2018-03-26,233.67334
2018-03-27,229.698151
2018-03-28,229.01944
2018-03-29,231.945755
2018-04-02,226.939285
2018-04-03,229.847916
2018-04-04,232.307114
2018-04-05,234.140457
2018-04-06,228.922455
2018-04-09,230.050629
2018-04-10,233.708511
2018-04-11,232.483383
2018-04-12,234.396011
2018-04-13,233.708511
2018-04-16,235.630081
2018-04-17,238.150894
2018-04-18,238.327179
2018-04-19,237.005081
2018-04-20,234.995483
2018-04-23,234.96022
2018-04-24,231.795898
2018-04-25,232.368805
2018-04-26,234.731064
2018-04-27,234.951355
2018-04-30,233.144516
2018-05-01,233.558701
2018-05-02,231.989792
2018-05-03,231.478531
2018-05-04,234.475403
2018-05-07,235.268661
2018-05-08,235.268661
2018-05-09,237.542801
2018-05-10,239.76387
2018-05-11,240.495544
2018-05-14,240.610062
2018-05-15,238.953033
2018-05-16,239.957825
2018-05-17,239.755096
2018-05-18,239.155746
2018-05-21,240.953812
2018-05-22,240.283951
2018-05-23,240.945068
2018-05-24,240.451431
2018-05-25,239.87854
2018-05-29,237.119598
2018-05-30,240.283951
2018-05-31,238.811996
2018-06-01,241.15657
2018-06-04,242.302414
2018-06-05,242.478683
2018-06-06,244.50592
2018-06-07,244.479492
2018-06-08,245.202271
2018-06-11,245.528351
2018-06-12,245.845703
2018-06-13,245.061234
2018-06-14,245.678238
2018-06-15,245.364822
2018-06-18,244.860184
2018-06-19,243.921707
2018-06-20,244.33783
2018-06-21,242.806046
2018-06-22,243.248795
2018-06-25,239.937454
2018-06-26,240.468658
2018-06-27,238.476669
2018-06-28,239.840103
2018-06-29,240.185349
2018-07-02,240.698868
2018-07-03,239.848892
2018-07-05,241.805634
2018-07-06,243.850876
2018-07-09,246.04657
2018-07-10,246.932007
2018-07-11,245.125839
2018-07-12,247.348083
2018-07-13,247.542953
2018-07-16,247.321518
2018-07-17,248.321915
2018-07-18,248.844391
2018-07-19,247.905884
2018-07-20,247.622528
2018-07-23,248.082886
2018-07-24,249.331345
2018-07-25,251.456223
2018-07-26,250.863022
2018-07-27,249.163193
2018-07-30,247.861633
2018-07-31,249.083435
2018-08-01,248.667267
2018-08-02,250.021988
2018-08-03,251.093262
2018-08-06,252.013977
2018-08-07,252.846298
2018-08-08,252.73999
2018-08-09,252.394684
2018-08-10,250.703705
2018-08-13,249.765167
2018-08-14,251.358856
2018-08-15,249.481781
2018-08-16,251.500519
2018-08-17,252.385788
2018-08-20,252.925919
2018-08-21,253.519135
2018-08-22,253.368713
2018-08-23,253.032272
2018-08-24,254.55513
2018-08-27,256.56485
2018-08-28,256.688843
2018-08-29,258.070038
2018-08-30,257.025269
2018-08-31,257.03418
2018-09-04,256.5914
2018-09-05,255.900894
2018-09-06,255.130585
2018-09-07,254.634705
2018-09-10,255.077454
2018-09-11,255.918579
2018-09-12,255.980453
2018-09-13,257.494507
2018-09-14,257.538818
2018-09-17,256.175262
2018-09-18,257.56543
2018-09-19,257.839691
2018-09-20,259.929291
2018-09-21,259.691803
2018-09-24,258.829102
2018-09-25,258.588989
2018-09-26,257.815216
2018-09-27,258.535614
2018-09-28,258.562286
2018-10-01,259.460663
2018-10-02,259.309448
2018-10-03,259.451691
2018-10-04,257.423828
2018-10-05,255.983139
2018-10-08,255.983139
2018-10-09,255.609543
2018-10-10,247.516144
2018-10-11,242.06424
2018-10-12,245.426071
2018-10-15,244.047485
2018-10-16,249.38382
2018-10-17,249.428268
2018-10-18,245.826279
2018-10-19,245.692947
2018-10-22,244.590103
2018-10-23,243.344925
2018-10-24,235.971939
2018-10-25,240.205368
2018-10-26,235.980774
2018-10-29,234.673386
2018-10-30,238.150879
2018-10-31,240.694473
2018-11-01,243.256073
2018-11-02,241.81517
2018-11-05,243.149277
2018-11-06,244.687912
2018-11-07,249.926437
2018-11-08,249.472763
2018-11-09,247.035919
2018-11-12,242.420013
2018-11-13,241.9664
2018-11-14,240.312088
2018-11-15,242.82019
2018-11-16,243.45166
2018-11-19,239.333771
2018-11-20,234.904663
2018-11-21,235.705124
2018-11-23,234.130829
2018-11-26,237.910767
2018-11-27,238.711182
2018-11-28,244.207642
2018-11-29,243.673981
2018-11-30,245.159195
2018-12-03,248.405533
2018-12-04,240.356522
2018-12-06,239.991943
2018-12-07,234.415466
2018-12-10,234.860199
2018-12-11,234.913513
2018-12-12,236.096375
2018-12-13,236.016342
2018-12-14,231.658401
2018-12-17,227.113617
2018-12-18,226.864594
2018-12-19,223.467148
2018-12-20,219.829575
2018-12-21,215.325363
2018-12-24,209.635849
2018-12-26,220.2276
2018-12-27,221.918411
2018-12-28,221.632126
2018-12-31,223.573334
2019-01-02,223.805923
2019-01-03,218.465347
2019-01-04,225.782974
2019-01-07,227.563202
2019-01-08,229.701202
2019-01-09,230.774734
2019-01-10,231.588821
2019-01-11,231.678329
2019-01-14,230.264801
2019-01-15,232.903839
2019-01-16,233.467453
2019-01-17,235.238647
2019-01-18,238.36972
2019-01-22,235.149261
2019-01-23,235.641251
2019-01-24,235.766495
2019-01-25,237.761383
2019-01-28,235.954346
2019-01-29,235.641251
2019-01-30,239.371643
2019-01-31,241.473907
2019-02-01,241.590195
2019-02-04,243.289932
2019-02-05,244.309753
2019-02-06,243.987717
2019-02-07,241.661804
2019-02-08,241.95697
2019-02-11,242.091202
2019-02-12,245.204361
2019-02-13,246.000473
2019-02-14,245.454788
2019-02-15,248.129608
2019-02-19,248.559097
2019-02-20,249.059952
2019-02-21,248.174286
2019-02-22,249.712967
2019-02-25,250.052963
2019-02-26,249.873932
2019-02-27,249.766708
2019-02-28,249.301468
2019-03-01,250.858078
2019-03-04,249.945648
2019-03-05,249.605621
2019-03-06,248.093796
2019-03-07,246.018311
2019-03-08,245.526352
2019-03-11,249.086823
2019-03-12,250.026123
2019-03-13,251.681091
2019-03-14,251.520035
2019-03-15,252.762833
2019-03-18,253.679153
2019-03-19,253.742111
2019-03-20,252.978348
2019-03-21,255.835571
2019-03-22,250.911774
2019-03-25,250.723053
2019-03-26,252.591919
2019-03-27,251.271179
2019-03-28,252.223587
2019-03-29,253.813965
2019-04-01,256.824005
2019-04-02,256.949829
2019-04-03,257.354126
2019-04-04,258.036987
2019-04-05,259.286011
2019-04-08,259.483582
2019-04-09,258.153809
2019-04-10,259.034393
2019-04-11,258.962494
2019-04-12,260.714569
2019-04-15,260.543884
2019-04-16,260.714569
2019-04-17,260.076569
2019-04-18,260.588806
2019-04-22,260.813416
2019-04-23,263.1586
2019-04-24,262.574554
2019-04-25,262.412781
2019-04-26,263.634766
2019-04-29,264.048096
2019-04-30,264.182922
2019-05-01,262.197144
2019-05-02,261.631073
2019-05-03,264.191925
2019-05-06,263.104675
2019-05-07,258.710815
2019-05-08,258.351501
2019-05-09,257.569733
2019-05-10,258.863556
2019-05-13,252.358353
2019-05-14,254.640579
2019-05-15,256.13208
2019-05-16,258.504242
2019-05-17,256.833038
2019-05-20,255.134811
2019-05-21,257.435028
2019-05-22,256.644318
2019-05-23,253.508469
2019-05-24,254.083511
2019-05-28,251.720413
2019-05-29,250.031174
2019-05-30,250.71402
2019-05-31,247.335571
2019-06-03,246.706741
2019-06-04,252.061844
2019-06-05,254.245209
2019-06-06,255.898636
2019-06-07,258.459259
2019-06-10,259.645355
2019-06-11,259.582489
2019-06-12,259.124176
2019-06-13,260.19339
2019-06-14,259.905914
2019-06-17,260.004791
2019-06-18,262.727264
2019-06-19,263.320374
2019-06-20,265.836182
2019-06-21,265.449768
2019-06-24,265.124695
2019-06-25,262.524353
2019-06-26,262.262482
2019-06-27,263.192474
2019-06-28,264.546814
2019-07-01,266.948578
2019-07-02,267.643738
2019-07-03,269.783569
2019-07-05,269.476654
2019-07-08,267.99588
2019-07-09,268.329956
2019-07-10,269.61203
2019-07-11,270.244049
2019-07-12,271.453888
2019-07-15,271.544281
2019-07-16,270.668518
2019-07-17,268.826538
2019-07-18,269.810669
2019-07-19,268.311798
2019-07-22,268.970917
2019-07-23,270.894073
2019-07-24,272.167206
2019-07-25,270.867096
2019-07-26,272.681946
2019-07-29,272.185303
2019-07-30,271.51712
2019-07-31,268.546539
2019-08-01,266.208221
2019-08-02,264.203705
2019-08-05,256.258331
2019-08-06,259.851807
2019-08-07,260.005249
2019-08-08,265.106567
2019-08-09,263.300873
2019-08-12,260.095581
2019-08-13,264.140472
2019-08-14,256.330505
2019-08-15,257.00769
2019-08-16,260.799835
2019-08-19,263.941864
2019-08-20,261.919434
2019-08-21,264.050171
2019-08-22,263.968964
2019-08-23,257.188232
2019-08-26,260.03241
2019-08-27,259.012115
2019-08-28,260.836029
2019-08-29,264.167572
2019-08-30,264.050171
2019-09-03,262.506287
2019-09-04,265.485779
2019-09-05,268.898773
2019-09-06,269.106476
2019-09-09,269.241852
2019-09-10,269.17865
2019-09-11,271.092743
2019-09-12,272.031799
2019-09-13,271.851227
2019-09-16,271.011444
2019-09-17,271.697693
2019-09-18,271.86026
2019-09-19,271.842102
2019-09-20,270.557831
2019-09-23,270.494232
2019-09-24,268.371796
2019-09-25,269.959106
2019-09-26,269.396759
2019-09-27,267.945465
2019-09-30,269.188171
2019-10-01,265.986206
2019-10-02,261.287628
2019-10-03,263.428253
2019-10-04,266.993073
2019-10-07,265.841034
2019-10-08,261.713928
2019-10-09,264.19931
2019-10-10,265.986206
2019-10-11,268.743713
2019-10-14,268.444366
2019-10-15,271.10199
2019-10-16,270.666656
2019-10-17,271.464874
2019-10-18,270.276581
2019-10-21,272.108856
2019-10-22,271.21994
2019-10-23,272.009064
2019-10-24,272.453552
2019-10-25,273.569244
2019-10-28,275.111145
2019-10-29,275.029663
2019-10-30,275.873138
2019-10-31,275.138428
2019-11-01,277.687256
2019-11-04,278.802979
2019-11-05,278.494537
2019-11-06,278.557983
2019-11-07,279.53772
2019-11-08,280.227051
2019-11-11,279.691864
2019-11-12,280.281464
2019-11-13,280.372131
2019-11-14,280.780334
2019-11-15,282.812164
2019-11-18,283.020782
2019-11-19,282.939148
2019-11-20,281.886963
2019-11-21,281.433441
2019-11-22,282.059357
2019-11-25,284.245331
2019-11-26,284.889313
2019-11-27,286.159241
2019-11-29,285.097931
2019-12-02,282.676117
2019-12-03,280.780334
2019-12-04,282.512878
2019-12-05,283.020782
2019-12-06,285.605896
2019-12-09,284.707916
2019-12-10,284.390442
2019-12-11,285.197723
2019-12-12,287.655823
2019-12-13,287.828217
2019-12-16,289.805603
2019-12-17,289.86911
2019-12-18,289.887268
2019-12-19,291.0755
2019-12-20,292.351654
2019-12-23,292.798279
2019-12-24,292.807404
2019-12-26,294.366119
2019-12-27,294.293152
2019-12-30,292.670624
2019-12-31,293.381531
2020-01-02,296.125305
2020-01-03,293.882996
2020-01-06,295.004211
2020-01-07,294.174683
2020-01-08,295.742493
2020-01-09,297.747803
2020-01-10,296.890991
2020-01-13,298.932739
2020-01-14,298.47702
2020-01-15,299.15155
2020-01-16,301.639984
2020-01-17,302.578857
2020-01-21,301.986328
2020-01-22,302.022827
2020-01-23,302.369171
2020-01-24,299.680237
2020-01-27,294.876465
2020-01-28,297.966553
2020-01-29,297.720551
2020-01-30,298.686707
2020-01-31,293.263214
2020-02-03,295.44162
2020-02-04,299.94455
2020-02-05,303.408325
2020-02-06,304.42923
2020-02-07,302.806793
2020-02-10,305.067322
2020-02-11,305.595978
2020-02-12,307.56485
2020-02-13,307.236694
2020-02-14,307.728912
2020-02-18,306.935913
2020-02-19,308.403473
2020-02-20,307.136353
2020-02-21,303.973511
2020-02-24,293.89209
2020-02-25,284.986481
2020-02-26,283.938263
2020-02-27,271.186157
2020-02-28,270.046722
2020-03-02,281.741516
2020-03-03,273.674683
2020-03-04,285.177979
2020-03-05,275.698181
2020-03-06,271.140503
2020-03-09,249.965927
2020-03-10,262.900391
2020-03-11,250.084488
2020-03-12,226.157059
2020-03-13,245.490372
2020-03-16,218.627914
2020-03-17,230.432083
2020-03-18,218.764633
2020-03-19,219.229507
2020-03-20,209.782013
2020-03-23,204.418228
2020-03-24,222.939224
2020-03-25,226.276642
2020-03-26,239.488876
2020-03-27,232.355545
2020-03-30,239.90152
2020-03-31,236.325638
2020-04-01,225.689804
2020-04-02,230.89772
2020-04-03,227.560257
2020-04-06,242.84465
2020-04-07,243.092255
2020-04-08,251.252457
2020-04-09,255.075851
2020-04-13,252.746979
2020-04-14,260.201233
2020-04-15,254.67244
2020-04-16,255.901077
2020-04-17,262.814301
2020-04-20,258.184143
2020-04-21,250.344772
2020-04-22,255.901077
2020-04-23,255.882721
2020-04-24,259.449402
2020-04-27,263.190216
2020-04-28,261.979919
2020-04-29,268.838165
2020-04-30,266.335144
2020-05-01,259.284363
2020-05-04,259.999481
2020-05-05,262.401733
2020-05-06,260.622955
2020-05-07,263.767853
2020-05-08,268.132141
2020-05-11,268.187286
2020-05-12,262.841827
2020-05-13,258.193237
2020-05-14,261.283081
2020-05-15,262.484253
2020-05-18,270.479401
2020-05-19,267.701263
2020-05-20,272.248993
2020-05-21,270.369415
2020-05-22,270.882935
2020-05-26,274.220337
2020-05-27,278.300476
2020-05-28,277.786957
2020-05-29,279.024689
2020-06-01,280.152405
2020-06-02,282.472137
2020-06-03,286.231354
2020-06-04,285.479523
2020-06-05,292.796234
2020-06-08,296.335449
2020-06-09,294.125763
2020-06-10,292.484528
2020-06-11,275.623047
2020-06-12,278.92392
2020-06-15,281.527802
2020-06-16,286.946594
2020-06-17,285.754608
2020-06-18,285.864624
2020-06-19,284.230927
2020-06-22,286.054382
2020-06-23,287.371185
2020-06-24,280.040802
2020-06-25,283.042938
2020-06-26,276.320282
2020-06-29,280.381531
2020-06-30,283.973114
2020-07-01,285.96228
2020-07-02,287.537048
2020-07-06,291.9758
2020-07-07,288.964447
2020-07-08,291.174652
2020-07-09,289.516998
2020-07-10,292.473145
2020-07-13,289.940552
2020-07-14,293.697937
2020-07-15,296.39621
2020-07-16,295.420044
2020-07-17,296.276611
2020-07-20,298.670807
2020-07-21,299.306274
2020-07-22,301.009918
2020-07-23,297.418457
2020-07-24,295.50296
2020-07-27,297.657867
2020-07-28,295.77002
2020-07-29,299.407562
2020-07-30,298.339325
2020-07-31,300.696808
2020-08-03,302.787415
2020-08-04,303.95697
2020-08-05,305.844727
2020-08-06,307.889191
2020-08-07,308.11026
2020-08-10,309.031281
2020-08-11,306.480194
2020-08-12,310.753265
2020-08-13,310.191528
2020-08-14,310.200745
2020-08-17,311.186066
2020-08-18,311.858337
2020-08-19,310.559845
2020-08-20,311.526947
2020-08-21,312.631897
2020-08-24,315.799866
2020-08-25,316.904999
2020-08-26,320.082214
2020-08-27,320.781982
2020-08-28,322.854065
2020-08-31,321.684509
2020-09-01,324.714325
2020-09-02,329.411011
2020-09-03,318.074524
2020-09-04,315.477631
2020-09-08,306.857666
2020-09-09,312.91748
2020-09-10,307.48407
2020-09-11,307.640594
2020-09-14,311.692627
2020-09-15,313.267487
2020-09-16,312.02417
2020-09-17,309.279755
2020-09-18,305.719208
2020-09-21,302.31662
2020-09-22,305.395569
2020-09-23,298.31311
2020-09-24,299.108185
2020-09-25,303.944
2020-09-28,308.99234
2020-09-29,307.309418
2020-09-30,309.639557
2020-10-01,311.627289
2020-10-02,308.668671
2020-10-05,314.142303
2020-10-06,309.676392
2020-10-07,315.066803
2020-10-08,317.859161
2020-10-09,320.697662
2020-10-12,325.856964
2020-10-13,323.730408
2020-10-14,321.696167
2020-10-15,321.298676
2020-10-16,321.104523
2020-10-19,316.222717
2020-10-20,317.489319
2020-10-21,316.888397
2020-10-22,318.626556
2020-10-23,319.708374
2020-10-26,313.800171
2020-10-27,312.718384
2020-10-28,302.030029
2020-10-29,305.099731
2020-10-30,301.919128
2020-11-02,305.303101
2020-11-03,310.693573
2020-11-04,317.637268
2020-11-05,323.832062
2020-11-06,323.758148
2020-11-09,327.826355
2020-11-10,327.345612
2020-11-11,329.777344
2020-11-12,326.578186
2020-11-13,331.099396
2020-11-16,335.232452
2020-11-17,333.429382
2020-11-18,329.416687
2020-11-19,330.803528
2020-11-20,328.538269
2020-11-23,330.507721
2020-11-24,335.833405
2020-11-25,335.315613
2020-11-27,336.249512
2020-11-30,334.760803
2020-12-01,338.422241
2020-12-02,339.134247
2020-12-03,339.041718
2020-12-04,341.963531
2020-12-07,341.260834
2020-12-08,342.25943
2020-12-09,339.189697
2020-12-10,339.078796
2020-12-11,338.681183
2020-12-14,337.164856
2020-12-15,341.723083
2020-12-16,342.25943
2020-12-17,344.173248
2020-12-18,342.799072
2020-12-21,341.573425
2020-12-22,340.997681
2020-12-23,341.304108
2020-12-24,342.631927
2020-12-28,345.575409
2020-12-29,344.916077
2020-12-30,345.408264
2020-12-31,347.163208
2021-01-04,342.437012
2021-01-05,344.795471
2021-01-06,346.856781
2021-01-07,352.010223
2021-01-08,354.01593
2021-01-11,351.629486
2021-01-12,351.703766
2021-01-13,352.650848
2021-01-14,351.415924
2021-01-15,348.853149
2021-01-19,351.592346
2021-01-20,356.457947
2021-01-21,356.782837
2021-01-22,355.52005
2021-01-25,356.92215
2021-01-26,356.365051
2021-01-27,347.655334
2021-01-28,350.645172
2021-01-29,343.625458
2021-02-01,349.345184
2021-02-02,354.285126
2021-02-03,354.56369
2021-02-04,358.593597
2021-02-05,360.004883
2021-02-08,362.604889
2021-02-09,362.363495
2021-02-10,362.205566
2021-02-11,362.790558
2021-02-12,364.582581
2021-02-16,364.266968
2021-02-17,364.350525
2021-02-18,362.799835
2021-02-19,362.159088
2021-02-22,359.373505
2021-02-23,359.810028
2021-02-24,363.774811
2021-02-25,355.009369
2021-02-26,353.180115
2021-03-01,361.741272
2021-03-02,358.918579
2021-03-03,354.164429
2021-03-04,349.781769
2021-03-05,356.216461
2021-03-08,354.442963
2021-03-09,359.50354
2021-03-10,361.741272
2021-03-11,365.409088
2021-03-12,365.901184
2021-03-15,368.083191
2021-03-16,367.619049
2021-03-17,368.872498
2021-03-18,363.505554
2021-03-19,362.832916
2021-03-22,365.730194
2021-03-23,362.851593
2021-03-24,361.007019
2021-03-25,363.037872
2021-03-26,368.888275
2021-03-29,368.701935
2021-03-30,367.723755
2021-03-31,369.214264
2021-04-01,373.201477
2021-04-05,378.558075
2021-04-06,378.334564
2021-04-07,378.772308
2021-04-08,380.57019
2021-04-09,383.337097
2021-04-12,383.476807
2021-04-13,384.613342
2021-04-14,383.299835
2021-04-15,387.41748
2021-04-16,388.71228
2021-04-19,386.802521
2021-04-20,383.970581
2021-04-21,387.603668
2021-04-22,384.06366
2021-04-23,388.227814
2021-04-26,389.03833
2021-04-27,388.954559
2021-04-28,388.842743
2021-04-29,391.32077
2021-04-30,388.749573
2021-05-03,389.587982
2021-05-04,387.184509
2021-05-05,387.305634
2021-05-06,390.398499
2021-05-07,393.239807
2021-05-10,389.345764
2021-05-11,385.871002
2021-05-12,377.673096
2021-05-13,382.209778
2021-05-14,388.078857
2021-05-17,387.09137
2021-05-18,383.756287
2021-05-19,382.750183
2021-05-20,386.867798
2021-05-21,386.551086
2021-05-24,390.49173
2021-05-25,389.625214
2021-05-26,390.398499
2021-05-27,390.603424
2021-05-28,391.302185
2021-06-01,390.957458
2021-06-02,391.572266
2021-06-03,390.118958
2021-06-04,393.687012
2021-06-07,393.305115
2021-06-08,393.388855
2021-06-09,392.802032
2021-06-10,394.627899
2021-06-11,395.279938
2021-06-14,396.164978
2021-06-15,395.438354
2021-06-16,393.230469
2021-06-17,393.100067
2021-06-18,387.796967
2021-06-21,393.348694
2021-06-22,395.451599
2021-06-23,394.974945
2021-06-24,397.311523
2021-06-25,398.72287
2021-06-28,399.526611
2021-06-29,399.741577
2021-06-30,400.078033
2021-07-01,402.293121
2021-07-02,405.368011
2021-07-06,404.629761
2021-07-07,406.05957
2021-07-08,402.751068
2021-07-09,407.050354
2021-07-12,408.508423
2021-07-13,407.115784
2021-07-14,407.723267
2021-07-15,406.330719
2021-07-16,403.143616
2021-07-19,397.190033
2021-07-20,402.881897
2021-07-21,406.143829
2021-07-22,406.994232
2021-07-23,411.181488
2021-07-26,412.190826
2021-07-27,410.312195
2021-07-28,410.143921
2021-07-29,411.845032
2021-07-30,409.84494
2021-08-02,408.985077
2021-08-03,412.312408
2021-08-04,410.284241
2021-08-05,412.882446
2021-08-06,413.564789
2021-08-09,413.228302
2021-08-10,413.742401
2021-08-11,414.770447
2021-08-12,416.013489
2021-08-13,416.770508
2021-08-16,417.751892
2021-08-17,415.013489
2021-08-18,410.4711
2021-08-19,411.106628
2021-08-20,414.377899
2021-08-23,418.022949
2021-08-24,418.686462
2021-08-25,419.565094
2021-08-26,417.088318
2021-08-27,420.817444
2021-08-30,422.66806
2021-08-31,422.041901
2021-09-01,422.266174
2021-09-02,423.565308
2021-09-03,423.462524
2021-09-07,421.948334
2021-09-08,421.434418
2021-09-09,419.630493
2021-09-10,416.32196
2021-09-13,417.38739
2021-09-14,415.134918
2021-09-15,418.602417
2021-09-16,417.938751
2021-09-17,413.867676
2021-09-20,406.966766
2021-09-21,406.582245
2021-09-22,410.548492
2021-09-23,415.536682
2021-09-24,416.22113
2021-09-27,415.030334
2021-09-28,406.666718
2021-09-29,407.351105
2021-09-30,402.372437
2021-10-01,407.154297
2021-10-04,401.903564
2021-10-05,406.085388
2021-10-06,407.773102
2021-10-07,411.298645
2021-10-08,410.548492
2021-10-11,407.576202
2021-10-12,406.572937
2021-10-13,408.035675
2021-10-14,414.899017
2021-10-15,418.058838
2021-10-18,419.29657
2021-10-19,422.531311
2021-10-20,424.190979
2021-10-21,425.297363
2021-10-22,424.856689
2021-10-25,427.13504
2021-10-26,427.51947
2021-10-27,425.62561
2021-10-28,429.732361
2021-10-29,430.604218
2021-11-01,431.345032
2021-11-02,433.088928
2021-11-03,435.733124
2021-11-04,437.78656
2021-11-05,439.305481
2021-11-08,439.680481
2021-11-09,438.227112
2021-11-10,434.701752
2021-11-11,434.842346
2021-11-12,438.124023
2021-11-15,438.273987
2021-11-16,440.008606
2021-11-17,438.939697
2021-11-18,440.430603
2021-11-19,439.643005
2021-11-22,438.405365
2021-11-23,438.986633
2021-11-24,440.15863
2021-11-26,430.341736
2021-11-29,435.620605
2021-11-30,427.14447
2021-12-01,422.400024
2021-12-02,428.869629
2021-12-03,425.137909
2021-12-06,430.172974
2021-12-07,439.071075
2021-12-08,440.233643
2021-12-09,437.261444
2021-12-10,441.377594
2021-12-13,437.467712
2021-12-14,434.457916
2021-12-15,441.246277
2021-12-16,437.355225
2021-12-17,432.700439
2021-12-20,428.099396
2021-12-21,435.701935
2021-12-22,440.058472
2021-12-23,442.796478
2021-12-27,449.06308
2021-12-28,448.696045
2021-12-29,449.27002
2021-12-30,448.027985
2021-12-31,446.898926
2022-01-03,449.48645
2022-01-04,449.335907
2022-01-05,440.707672
2022-01-06,440.293671
2022-01-07,438.552979
2022-01-10,438.007233
2022-01-11,441.996735
2022-01-12,443.191711
2022-01-13,437.085175
2022-01-14,437.263977
2022-01-18,429.520142
2022-01-19,425.060181
2022-01-20,420.355621
2022-01-21,412.10376
2022-01-24,413.853821
2022-01-25,408.801147
2022-01-26,407.775543
2022-01-27,405.761871
2022-01-28,415.839264
2022-01-31,423.328949
2022-02-01,426.189331
2022-02-02,430.329315
2022-02-03,420.214447
2022-02-04,422.19043
2022-02-07,420.835419
2022-02-08,424.298096
2022-02-09,430.508087
2022-02-10,422.773743
2022-02-11,414.437225
2022-02-14,413.082275
2022-02-15,419.743958
2022-02-16,420.214447
2022-02-17,411.238098
2022-02-18,408.575287
2022-02-22,404.190613
2022-02-23,397.020752
2022-02-24,402.995636
2022-02-25,411.887329
2022-02-28,410.833527
2022-03-01,404.576447
2022-03-02,412.019073
2022-03-03,409.967834
2022-03-04,406.637024
2022-03-07,394.649597
2022-03-08,391.657562
2022-03-09,402.158203
2022-03-10,400.342285
2022-03-11,395.251862
2022-03-14,392.36322
2022-03-15,400.991455
2022-03-16,409.883148
2022-03-17,415.0112
2022-03-18,419.556671
2022-03-21,419.434021
2022-03-22,424.34198
2022-03-23,418.877136
2022-03-24,425.191467
2022-03-25,427.267883
2022-03-28,430.307098
2022-03-29,435.630341
2022-03-30,432.94046
2022-03-31,426.276917
2022-04-01,427.485046
2022-04-04,431.147034
2022-04-05,425.701111
2022-04-06,421.444366
2022-04-07,423.568054
2022-04-08,422.435516
2022-04-11,415.215088
2022-04-12,413.676605
2022-04-13,418.414703
2022-04-14,413.20462
2022-04-18,413.374573
2022-04-19,420.047455
2022-04-20,419.736023
2022-04-21,413.459503
2022-04-22,402.114502
2022-04-25,404.445801
2022-04-26,392.732727
2022-04-27,393.837006
2022-04-28,403.785126
2022-04-29,388.863007
2022-05-02,391.203674
2022-05-03,392.996979
2022-05-04,404.964966
2022-05-05,390.571289
2022-05-06,388.240021
2022-05-09,375.809601
2022-05-10,376.677979
2022-05-11,370.694061
2022-05-12,370.307068
2022-05-13,379.160339
2022-05-16,377.621796
2022-05-17,385.389618
2022-05-18,369.854065
2022-05-19,367.588806
2022-05-20,367.749268
2022-05-23,374.629883
2022-05-24,371.77002
2022-05-25,375.054626
2022-05-26,382.548645
2022-05-27,391.939941
2022-05-31,389.740784
2022-06-01,386.588318
2022-06-02,393.950287
2022-06-03,387.484894
2022-06-06,388.664764
2022-06-07,392.392944
2022-06-08,388.12674
2022-06-09,378.896057
2022-06-10,367.909607
2022-06-13,353.940796
2022-06-14,352.874237
2022-06-15,357.904999
2022-06-16,346.059723
2022-06-17,346.805756
2022-06-21,355.536133
2022-06-22,354.891479
2022-06-23,358.370361
2022-06-24,369.764343
2022-06-27,368.351959
2022-06-28,360.82547
2022-06-29,360.531647
2022-06-30,357.602539
2022-07-01,361.384766
2022-07-05,362.067261
2022-07-06,363.290039
2022-07-07,368.731079
2022-07-08,368.427856
2022-07-11,364.219055
2022-07-12,360.996124
2022-07-13,359.10025
2022-07-14,358.22818
2022-07-15,365.072205
2022-07-18,362.05777
2022-07-19,371.840302
2022-07-20,374.210114
2022-07-21,378.02066
2022-07-22,374.513428
2022-07-25,374.968414
2022-07-26,370.532227
2022-07-27,380.153534
2022-07-28,384.921509
2022-07-29,390.533325
2022-08-01,389.376831
2022-08-02,386.807953
2022-08-03,392.865143
2022-08-04,392.599762
2022-08-05,391.936279
2022-08-08,391.481201
2022-08-09,389.926605
2022-08-10,398.116608
2022-08-11,398.116608
2022-08-12,404.856293
2022-08-15,406.524658
2022-08-16,407.320923
2022-08-17,404.429779
2022-08-18,405.605225
2022-08-19,400.154663
2022-08-22,391.822388
2022-08-23,390.874542
2022-08-24,392.125763
2022-08-25,397.661621
2022-08-26,384.201141
2022-08-29,381.660797
2022-08-30,377.470917
2022-08-31,374.598724
2022-09-01,375.77417
2022-09-02,371.811798
2022-09-06,370.408905
2022-09-07,377.063324
2022-09-08,379.527924
2022-09-09,385.424011
2022-09-12,389.566437
2022-09-13,372.627014
2022-09-14,374.048889
2022-09-15,369.802246
2022-09-16,366.98111
2022-09-19,369.826996
2022-09-20,365.581909
2022-09-21,359.204834
2022-09-22,356.187561
2022-09-23,350.219696
2022-09-26,346.755066
2022-09-27,345.869904
2022-09-28,352.675354
2022-09-29,345.30835
2022-09-30,339.968628
2022-10-03,348.944214
2022-10-04,359.756744
2022-10-05,358.91922
2022-10-06,355.216675
2022-10-07,345.30835
2022-10-10,342.671753
2022-10-11,340.501587
2022-10-12,339.378448
2022-10-13,348.335052
2022-10-14,340.396942
2022-10-17,349.144104
2022-10-18,353.24646
2022-10-19,350.743195
2022-10-20,347.802063
2022-10-21,356.254181
2022-10-24,360.613403
2022-10-25,366.371948
2022-10-26,363.611694
2022-10-27,361.670013
2022-10-28,370.274323
2022-10-31,367.599762
2022-11-01,365.99115
2022-11-02,356.806213
2022-11-03,353.132202
2022-11-04,358.214935
2022-11-07,361.641479
2022-11-08,363.592682
2022-11-09,356.101929
2022-11-10,375.671173
2022-11-11,379.307068
2022-11-14,376.080414
2022-11-15,379.288055
2022-11-16,376.394531
2022-11-17,375.242798
2022-11-18,376.946564
2022-11-21,375.575928
2022-11-22,380.630035
2022-11-23,383.028687
2022-11-25,382.942993
2022-11-28,376.832367
2022-11-29,376.18512
2022-11-30,388.035156
2022-12-01,387.749634
2022-12-02,387.302246
2022-12-05,380.334991
2022-12-06,374.8526
2022-12-07,374.214813
2022-12-08,377.146484
2022-12-09,374.329163
2022-12-12,379.725861
2022-12-13,382.600342
2022-12-14,380.154175
2022-12-15,370.85498
2022-12-16,366.476624
2022-12-19,363.368988
2022-12-20,363.866211
2022-12-21,369.306915
2022-12-22,364.03833
2022-12-23,366.132355
2022-12-27,364.688538
2022-12-28,360.15625
2022-12-29,366.63916
2022-12-30,365.673401
2023-01-03,364.133972
2023-01-04,366.945099
2023-01-05,362.75705
2023-01-06,371.075867
2023-01-09,370.865509
2023-01-10,373.466309
2023-01-11,378.189819
2023-01-12,379.566803
2023-01-13,381.039337
2023-01-17,380.341278
2023-01-18,374.336456
2023-01-19,371.611298
2023-01-20,378.534058
2023-01-23,383.076019
2023-01-24,382.664795
2023-01-25,382.808289
2023-01-26,387.015442
2023-01-27,387.904724
2023-01-30,383.03772
2023-01-31,388.669617
2023-02-01,392.800354
2023-02-02,398.518311
2023-02-03,394.282379
2023-02-06,391.872833
2023-02-07,396.998047
2023-02-08,392.656891
2023-02-09,389.252899
2023-02-10,390.161255
2023-02-13,394.741394
2023-02-14,394.559723
2023-02-15,395.841034
2023-02-16,390.390778
2023-02-17,389.415497
2023-02-21,381.603485
2023-02-22,381.077545
2023-02-23,383.104675
2023-02-24,379.012177
2023-02-27,380.303009
2023-02-28,378.89743
2023-03-01,377.444061
2023-03-02,380.379547
2023-03-03,386.47998
2023-03-06,386.747742
2023-03-07,380.819336
2023-03-08,381.440887
2023-03-09,374.403351
2023-03-10,369.000977
2023-03-13,368.475067
2023-03-14,374.565948
2023-03-15,372.223297
2023-03-16,378.753998
2023-03-17,374.325317
2023-03-20,377.924713
2023-03-21,382.887085
2023-03-22,376.360199
2023-03-23,377.377655
2023-03-24,379.853973
2023-03-27,380.56424
2023-03-28,379.709991
2023-03-29,385.229095
2023-03-30,387.48468
2023-03-31,392.946198
2023-04-03,394.44342
2023-04-04,392.255066
2023-04-05,391.227997
2023-04-06,392.754181
2023-04-10,393.157227
2023-04-11,393.262878
2023-04-12,391.659912
2023-04-13,396.862244
2023-04-14,395.892792
2023-04-17,397.313354
2023-04-18,397.57254
2023-04-19,397.505341
2023-04-20,395.336151
2023-04-21,395.643219
2023-04-24,396.056
2023-04-25,389.769043
2023-04-26,388.118103
2023-04-27,395.844818
2023-04-28,399.22345
2023-05-01,398.820312
2023-05-02,394.337891
2023-05-03,391.631226
2023-05-04,388.857239
2023-05-05,396.056
2023-05-08,396.16153
2023-05-09,394.424255
2023-05-10,396.267151
2023-05-11,395.57605
2023-05-12,395.05777
2023-05-15,396.420715
2023-05-16,393.771576
2023-05-17,398.551514
2023-05-18,402.390839
2023-05-19,401.805328
2023-05-22,401.968597
2023-05-23,397.457336
2023-05-24,394.57782
2023-05-25,397.994904
2023-05-26,403.149078
2023-05-30,403.302734
2023-05-31,401.066315
2023-06-01,404.876892
2023-06-02,410.731812
2023-06-05,409.944733
2023-06-06,410.837402
2023-06-07,409.41684
2023-06-08,411.89325
2023-06-09,412.632294
2023-06-12,416.375641
2023-06-13,419.120758
2023-06-14,419.619934
2023-06-15,424.822174
2023-06-16,423.375122
2023-06-20,421.17868
2023-06-21,419.020569
2023-06-22,420.533173
2023-06-23,417.353912
2023-06-26,415.648712
2023-06-27,420.205536
2023-06-28,420.417572
2023-06-29,422.074524
2023-06-30,427.055328
2023-07-03,427.546661
2023-07-05,426.910858
2023-07-06,423.56778
2023-07-07,422.498413
2023-07-10,423.56778
2023-07-11,426.265381
2023-07-12,429.695038
2023-07-13,433.105469
2023-07-14,432.835693
2023-07-17,434.338623
2023-07-18,437.566071
2023-07-19,438.539001
2023-07-20,435.629578
2023-07-21,435.629578
2023-07-24,437.575684
2023-07-25,438.770294
2023-07-26,438.837677
2023-07-27,435.928192
2023-07-28,440.196106
2023-07-31,441.034271
2023-08-01,439.772186
2023-08-02,433.654602
2023-08-03,432.411804
2023-08-04,430.456116
2023-08-07,434.213348
2023-08-08,432.325104
2023-08-09,429.434875
2023-08-10,429.589081
2023-08-11,429.338593
2023-08-14,431.708557
2023-08-15,426.679626
2023-08-16,423.548584
2023-08-17,420.321228
2023-08-18,420.523529
2023-08-21,423.259521
2023-08-22,422.113129
2023-08-23,426.814453
2023-08-24,420.899231
2023-08-25,423.866486
2023-08-28,426.554352
2023-08-29,432.720093
2023-08-30,434.502411
2023-08-31,433.866608
2023-09-01,434.675812
2023-09-05,432.797241
2023-09-06,429.887665
2023-09-07,428.567871
2023-09-08,429.213287
2023-09-11,432.036133
2023-09-12,429.666107
2023-09-13,430.167114
2023-09-14,433.876221
2023-09-15,428.648743
2023-09-18,428.900085
2023-09-19,428.01062
2023-09-20,424.075745
2023-09-21,417.066467
2023-09-22,416.128662
2023-09-25,417.878632
2023-09-26,411.73941
2023-09-27,411.903778
2023-09-28,414.291718
2023-09-29,413.286285
2023-10-02,413.121979
2023-10-03,407.591858
2023-10-04,410.559937
2023-10-05,410.405182
2023-10-06,415.277924
2023-10-09,417.936584
2023-10-10,420.111908
2023-10-11,421.832825
2023-10-12,419.261078
2023-10-13,417.172852
2023-10-16,421.562134
2023-10-17,421.542786
2023-10-18,415.92569
2023-10-19,412.271179
2023-10-20,407.20517
2023-10-23,406.499329
2023-10-24,409.564117
2023-10-25,403.685974
2023-10-26,398.85202
2023-10-27,397.044159
2023-10-30,401.791107
2023-10-31,404.314484
2023-11-01,408.626312
2023-11-02,416.457458
2023-11-03,420.256927
2023-11-06,421.223724
2023-11-07,422.422607
2023-11-08,422.731903
2023-11-09,419.43515
2023-11-10,425.980316
2023-11-13,425.57431
2023-11-14,433.83075
2023-11-15,434.749176
2023-11-16,435.280945
2023-11-17,435.822357
2023-11-20,439.177094
2023-11-21,438.219971
2023-11-22,439.911896
2023-11-24,440.182587
2023-11-27,439.389832
2023-11-28,439.82486
2023-11-29,439.515564
2023-11-30,441.246033
2023-12-01,443.856415
2023-12-04,441.526459
2023-12-05,441.439423
2023-12-06,439.660553
2023-12-07,443.015289
2023-12-08,444.919983
2023-12-11,446.650513
2023-12-12,448.690369
2023-12-13,454.877899
2023-12-14,456.337799
2023-12-15,455.586395
2023-12-18,458.149139
2023-12-19,460.935089
2023-12-20,454.547791
2023-12-21,458.857758
2023-12-22,459.779968
2023-12-26,461.721344
2023-12-27,462.556213
2023-12-28,462.730896
2023-12-29,461.391357
2024-01-02,458.809235
2024-01-03,455.062256
2024-01-04,453.596436
2024-01-05,454.217743
2024-01-08,460.702057
2024-01-09,460.003204
2024-01-10,462.604706
2024-01-11,462.400879
2024-01-12,462.72113
2024-01-16,461.022461
2024-01-17,458.459747
2024-01-18,462.536774
2024-01-19,468.302826
2024-01-22,469.292999
2024-01-23,470.661652
2024-01-24,471.176147
2024-01-25,473.738831
2024-01-26,473.136993
2024-01-29,476.883881
2024-01-30,476.515137
2024-01-31,468.739655
2024-02-01,474.874634
2024-02-02,479.87381
2024-02-05,478.126495
2024-02-06,479.514587
2024-02-07,483.513947
2024-02-08,483.727478
2024-02-09,486.523132
2024-02-12,486.309601
2024-02-13,479.611664
2024-02-14,483.970215
2024-02-15,487.309448
2024-02-16,484.88266
2024-02-20,482.213196
2024-02-21,482.649963
2024-02-22,492.638733
2024-02-23,492.978455
2024-02-26,491.172913
2024-02-27,492.085388
2024-02-28,491.434998
2024-02-29,493.201721
2024-03-01,497.832001
2024-03-04,497.298126
2024-03-05,492.328064
2024-03-06,494.822784
2024-03-07,499.734589
2024-03-08,496.735107
2024-03-11,496.307983
2024-03-12,501.646973
2024-03-13,500.860626
2024-03-14,499.870605
2024-03-15,496.438171
2024-03-18,499.388519
2024-03-19,502.163696
2024-03-20,506.80838
2024-03-21,508.483185
2024-03-22,507.519226
2024-03-25,506.117065
2024-03-26,505.18222
2024-03-27,509.427704
2024-03-28,509.330322
2024-04-01,508.444183
2024-04-02,505.211487
2024-04-03,505.766418
2024-04-04,499.593079
2024-04-05,504.812164
2024-04-08,505.094513
2024-04-09,505.678802
2024-04-10,500.615479
2024-04-11,504.393524
2024-04-12,497.431366
2024-04-15,491.199463
2024-04-16,490.303558
2024-04-17,487.401855
2024-04-18,486.398926
2024-04-19,482.153442
2024-04-22,486.593689
2024-04-23,492.36792
2024-04-24,492.134277
2024-04-25,490.264618
2024-04-26,494.909393
2024-04-29,496.662048
2024-04-30,488.794403
2024-05-01,487.207153
2024-05-02,491.764221
2024-05-03,497.859802
2024-05-06,503.001038
2024-05-07,503.556152
2024-05-08,503.604706
2024-05-09,506.5065
2024-05-10,507.158966
2024-05-13,507.227081
2024-05-14,509.554321
2024-05-15,515.864136
2024-05-16,514.802734
2024-05-17,515.542725
2024-05-20,516.136719
2024-05-21,517.402527
2024-05-22,515.912842
2024-05-23,512.14447
2024-05-24,515.533081
2024-05-28,515.89325
2024-05-29,512.280701
2024-05-30,508.882446
2024-05-31,513.517456
2024-06-03,513.936157
2024-06-04,514.51062
2024-06-05,520.625671
2024-06-06,520.615845
2024-06-07,519.983032
2024-06-10,521.589661
2024-06-11,522.845764
2024-06-12,527.139893
2024-06-13,528.201233
2024-06-14,528.522766
2024-06-17,532.729126
2024-06-18,534.082764
2024-06-20,532.631775
2024-06-21,531.917725
2024-06-24,530.18866
2024-06-25,532.230347
2024-06-26,532.894592
2024-06-27,533.734619
2024-06-28,531.634399
2024-07-01,532.728516
2024-07-02,536.313599
2024-07-03,538.707031
2024-07-05,541.813416
2024-07-08,542.438599
2024-07-09,542.966125
2024-07-10,548.338928
2024-07-11,543.61084
2024-07-12,547.039612
2024-07-15,548.544128
2024-07-16,551.796997
2024-07-17,544.060303
2024-07-18,539.879089
2024-07-19,536.294006
2024-07-22,541.823181
2024-07-23,540.973267
2024-07-24,528.71344
2024-07-25,525.95874
2024-07-26,531.849304
2024-07-29,532.161865
2024-07-30,529.465759
2024-07-31,538.072083
2024-08-01,530.452332
2024-08-02,520.576233
2024-08-05,505.4151
2024-08-06,510.074799
2024-08-07,506.665436
2024-08-08,518.378296
2024-08-09,520.664062
2024-08-12,520.937744
2024-08-13,529.504883
2024-08-14,531.175293
2024-08-15,540.279724
2024-08-16,541.491089
2024-08-19,546.668518
2024-08-20,545.779541
2024-08-21,547.655151
2024-08-22,543.356873
2024-08-23,549.130188
2024-08-26,547.821167
2024-08-27,548.573425
2024-08-28,545.388794
2024-08-29,545.437561
2024-08-30,550.644409
2024-09-03,539.312683
2024-09-04,538.208862
2024-09-05,536.89978
2024-09-06,527.863647
2024-09-09,533.773682
2024-09-10,536.098694
2024-09-11,541.598572
2024-09-12,546.160522
2024-09-13,549.013
2024-09-16,549.823853
2024-09-17,550.048523
2024-09-18,548.417175
2024-09-19,557.775574
2024-09-20,556.811401
2024-09-23,558.202759
2024-09-24,559.799866
2024-09-25,558.565369
2024-09-26,560.779785
2024-09-27,559.966492
2024-09-30,562.210449
2024-10-01,557.17395
2024-10-02,557.409058
2024-10-03,556.390015
2024-10-04,561.446167
2024-10-07,556.370361
2024-10-08,561.632263
2024-10-09,565.5224
2024-10-10,564.532715
2024-10-11,567.91333
2024-10-14,572.5578
2024-10-15,568.109253
2024-10-16,570.578552
2024-10-17,570.627502
2024-10-18,572.822449
2024-10-21,571.881836
2024-10-22,571.578003
2024-10-23,566.355225
2024-10-24,567.580139
2024-10-25,567.384094
2024-10-28,569.138123
2024-10-29,570.059204
2024-10-30,568.334595
2024-10-31,557.193604
2024-11-01,559.545166
2024-11-04,558.339905
2024-11-05,565.091187
2024-11-06,579.142578
2024-11-07,583.620605
2024-11-08,586.148743
2024-11-11,586.707092
2024-11-12,584.884644
2024-11-13,585.168823
2024-11-14,581.406067
2024-11-15,573.959106
2024-11-18,576.310852
2024-11-19,578.417419
2024-11-20,578.613464
2024-11-21,581.719604
2024-11-22,583.522583
2024-11-25,585.502075
2024-11-26,588.559204
2024-11-27,586.775757
2024-11-29,590.420898
2024-12-02,591.479187
2024-12-03,591.753479
2024-12-04,595.427917
2024-12-05,594.448181
2024-12-06,595.575012
2024-12-09,592.507935
2024-12-10,590.665894
2024-12-11,595.232056
2024-12-12,592.165039
2024-12-13,592.047546
2024-12-16,594.5755
2024-12-17,592.125793
2024-12-18,574.478455
2024-12-19,574.30188
2024-12-20,581.199951
2024-12-23,584.68042
2024-12-24,591.179138
2024-12-26,591.218506
2024-12-27,584.994873
2024-12-30,578.319153
2024-12-31,576.21521
2025-01-02,574.799561
2025-01-03,581.98645
2025-01-06,585.33905
2025-01-07,578.722351
2025-01-08,579.56781
2025-01-10,570.71936
2025-01-13,571.604248
2025-01-14,572.390747
2025-01-15,582.80249
2025-01-16,581.681763
2025-01-17,587.521729
2025-01-21,592.899719
2025-01-22,596.232666
2025-01-23,599.486816
2025-01-24,597.736694
2025-01-27,589.281616
2025-01-28,594.34491
2025-01-29,591.680542
2025-01-30,594.85614
2025-01-31,591.690369
2025-02-03,587.708557
2025-02-04,591.651062
2025-02-05,594.049866
2025-02-06,596.114624
2025-02-07,590.658081
2025-02-10,594.669312
2025-02-11,595.121643
2025-02-12,593.204468
2025-02-13,599.467163
2025-02-14,599.437683
2025-02-18,601.19751
2025-02-19,602.613281
2025-02-20,600.106323
2025-02-21,589.84198
2025-02-24,587.157959
2025-02-25,584.237915
2025-02-26,584.532837
2025-02-27,575.202637
2025-02-28,584.178894
2025-03-03,573.944153
2025-03-04,567.150574
2025-03-05,573.246094
2025-03-06,563.070312
2025-03-07,566.226257
2025-03-10,551.144531
2025-03-11,546.562927
2025-03-12,549.463257
2025-03-13,542.138611
2025-03-14,553.336914
2025-03-17,557.604004
2025-03-18,551.577148
2025-03-19,557.584351
2025-03-20,555.971802
2025-03-21,556.155273
2025-03-24,566.115173
2025-03-25,567.476013
2025-03-26,560.701294
2025-03-27,559.21228
2025-03-28,547.950684
2025-03-31,551.628967
2025-04-01,553.187012
2025-04-02,556.687866
2025-04-03,529.253784
2025-04-04,498.269684
2025-04-07,497.382141
2025-04-08,489.591827
2025-04-09,541.008423
2025-04-10,517.301941
2025-04-11,526.531982
2025-04-14,531.640198
2025-04-15,530.151062
2025-04-16,518.366882
2025-04-17,519.106506
2025-04-21,506.750336
2025-04-22,519.934937
2025-04-23,527.991455
2025-04-24,539.105225
2025-04-25,543.000366
2025-04-28,543.207397
2025-04-29,546.629272
2025-04-30,546.846252
2025-05-01,550.72168
2025-05-02,558.896667
2025-05-05,555.691772
2025-05-06,551.047058
2025-05-07,553.364563
2025-05-08,557.220276
2025-05-09,556.510254
2025-05-12,574.90155
2025-05-13,578.698181
2025-05-14,579.437805
2025-05-15,582.267883
2025-05-16,585.955933
2025-05-19,586.596985
2025-05-20,584.624695
2025-05-21,574.773376
2025-05-22,575.000183
2025-05-23,571.075378
2025-05-27,582.948364
2025-05-28,579.575806
2025-05-29,581.863586
2025-05-30,581.21283
2025-06-02,584.486694
2025-06-03,587.819824
2025-06-04,587.661987
2025-06-05,584.821899
2025-06-06,590.827454
2025-06-09,591.359985
2025-06-10,594.712769
2025-06-11,593.016724
2025-06-12,595.373474
2025-06-13,588.717163
2025-06-16,594.318298
2025-06-17,589.239868
2025-06-18,589.151062
2025-06-20,587.767334
2025-06-23,593.573059
2025-06-24,600.130371
2025-06-25,600.466675
2025-06-26,605.164612
2025-06-27,608.171265
2025-06-30,611.079041
2025-07-01,610.881287
2025-07-02,613.650574
2025-07-03,618.487
2025-07-07,613.878052
2025-07-08,613.541809
2025-07-09,617.221008
2025-07-10,618.961792
2025-07-11,616.785828
2025-07-14,617.962708
2025-07-15,615.322021
2025-07-16,617.379211
2025-07-17,621.157349
2025-07-18,620.702454
2025-07-21,621.879395
2025-07-22,621.968445
2025-07-23,627.259827
2025-07-24,627.467468
2025-07-25,630.118103
2025-07-28,629.9599
2025-07-29,628.298279
2025-07-30,627.507019
2025-07-31,625.153198
2025-08-01,614.906555
2025-08-04,624.253052
2025-08-05,621.088074
2025-08-06,625.84552
2025-08-07,625.321228
2025-08-08,630.197205
2025-08-11,628.95105
2025-08-12,635.646912
2025-08-13,637.822815
2025-08-14,637.88208
2025-08-15,636.388672
2025-08-18,636.250122
2025-08-19,632.79834
2025-08-20,631.117004
2025-08-21,628.585083
2025-08-22,638.238159
2025-08-25,635.429199
2025-08-26,638.089783
2025-08-27,639.543701
2025-08-28,641.808533
2025-08-29,637.981018
2025-09-02,633.253357
2025-09-03,636.685364
2025-09-04,642.006348
2025-09-05,640.146973
2025-09-08,641.719543
2025-09-09,643.203125
2025-09-10,645.062561
2025-09-11,650.423157
2025-09-12,650.205505
2025-09-15,653.667175
2025-09-16,652.767151
2025-09-17,651.956116
2025-09-18,655.00238
2025-09-19,658.246521
2025-09-22,661.360657
2025-09-23,657.76062
2025-09-24,655.667786
2025-09-25,652.642944
2025-09-26,656.381958
2025-09-29,658.226685
2025-09-30,660.706116
2025-10-01,662.95752
2025-10-02,663.721069
2025-10-03,663.711243
2025-10-06,666.091492
2025-10-07,663.621948
2025-10-08,667.579163
2025-10-09,665.645203
2025-10-10,647.654236
2025-10-13,657.591919
2025-10-14,656.788574
2025-10-15,659.704407
2025-10-16,655.211731
2025-10-17,658.930847
2025-10-20,665.784058
2025-10-21,665.774109
2025-10-22,662.312805
2025-10-23,666.240295
2025-10-24,671.685181
2025-10-27,679.609497
2025-10-28,681.414551
2025-10-29,681.741882
2025-10-30,674.243958
2025-10-31,676.455627
2025-11-03,677.725159
2025-11-04,669.691711
2025-11-05,672.012512
2025-11-06,664.802185
2025-11-07,665.456726
2025-11-10,675.840759
2025-11-11,677.387878
2025-11-12,677.764771
2025-11-13,666.517944
2025-11-14,666.408936
2025-11-17,660.200256
2025-11-18,654.65625
2025-11-19,657.185303
2025-11-20,647.168335
2025-11-21,653.614868
2025-11-24,663.235168
2025-11-25,669.47345
2025-11-26,674.095215
2025-11-28,677.774719
2025-12-01,674.680359
2025-12-02,675.930054
2025-12-03,678.27063
2025-12-04,678.766541
2025-12-05,680.055786
2025-12-08,678.012756
2025-12-09,677.427551
2025-12-10,681.92041
2025-12-11,683.507202
2025-12-12,676.158081
2025-12-15,675.136536
2025-12-16,673.29187
2025-12-17,665.88324
2025-12-18,670.911499
2025-12-19,676.99231
2025-12-22,681.209839
2025-12-23,684.323303
2025-12-24,686.73053
2025-12-26,686.660889
2025-12-29,684.213867
2025-12-30,683.378296
2025-12-31,678.315247
2026-01-02,679.558594
2026-01-05,684.084595
2026-01-06,688.152954
2026-01-07,685.934753
2026-01-08,685.865112
2026-01-09,690.401001
2026-01-12,691.485229
2026-01-13,690.1026
2026-01-14,686.710571
2026-01-15,688.580688
2026-01-16,688.003723
2026-01-20,673.998169
2026-01-21,681.776855
2026-01-22,685.337952
2026-01-23,685.586548
2026-01-26,689.068115
2026-01-27,691.813477
2026-01-28,691.743835
2026-01-29,690.371155
2026-01-30,688.312134
2026-02-02,691.733887
2026-02-03,685.88501
2026-02-04,682.562683
2026-02-05,674.037964
2026-02-06,686.969238
2026-02-09,690.281616
2026-02-10,688.461304
2026-02-11,688.302185
2026-02-12,677.668701
2026-02-13,678.146118
2026-02-17,679.240295
2026-02-18,682.662109
2026-02-19,680.861694
2026-02-20,685.785583
2026-02-23,678.782776
2026-02-24,683.716492
2026-02-25,689.485901
2026-02-26,685.656189
2026-02-27,682.363708
2026-03-02,682.751648
2026-03-03,676.733704
2026-03-04,681.508301
2026-03-05,677.708435
2026-03-06,668.825623
2026-03-09,674.684509
2026-03-10,673.600281
2026-03-11,672.754822
2026-03-12,662.539062
2026-03-13,658.789001
2026-03-16,665.493408
2026-03-17,667.244019
2026-03-18,657.933533
2026-03-19,656.312134
2026-03-20,646.903442
2026-03-23,653.695923
2026-03-24,651.501587
2026-03-25,655.132202
2026-03-26,643.432373
2026-03-27,632.460632
2026-03-30,630.346069
2026-03-31,648.668884
2026-04-01,653.556274
2026-04-02,654.144775
2026-04-06,657.236816
2026-04-07,657.526001
2026-04-08,674.272949
2026-04-09,678.162842
2026-04-10,677.71405
2026-04-13,684.336975
2026-04-14,692.675537
2026-04-15,698.141418
2026-04-16,699.856995
2026-04-17,708.315247
2026-04-20,706.898804
2026-04-21,702.270813
2026-04-22,709.382507
2026-04-23,706.629578
2026-04-24,712.105469
2026-04-27,713.332275
2026-04-28,709.861206
2026-04-29,709.751526
2026-04-30,716.813293
2026-05-01,718.798218
2026-05-04,716.164978
2026-05-05,721.910217
2026-05-06,731.944336
2026-05-07,729.700134
2026-05-08,735.724609
2026-05-11,737.400269
2026-05-12,736.283142
2026-05-13,740.402527
2026-05-14,746.247498
2026-05-15,737.27063
2026-05-18,736.751953
2026-05-19,731.844604
2026-05-20,739.345276
2026-05-21,740.811462
2026-05-22,743.723999
2026-05-26,748.661316
2026-05-27,748.531616
2026-05-28,752.66095
2026-05-29,754.536133
2026-06-01,756.59082
2026-06-02,757.618225
2026-06-03,752.30188
2026-06-04,755.144592
2026-06-05,735.654785
2026-06-08,737.320435
2026-06-09,735.156067
2026-06-10,723.565918
2026-06-11,735.864258
2026-06-12,739.843994
2026-06-15,752.890381
2026-06-16,748.401978
2026-06-17,739.05603
2026-06-18,746.73999
2026-06-22,744.390015
2026-06-23,733.580017
2026-06-24,733.23999
2026-06-25,734.299988
2026-06-26,728.98999
2026-06-29,741.0
2026-06-30,746.77002
2026-07-01,745.76001
2026-07-02,744.780029
2026-07-06,751.280029
2026-07-07,747.710022
2026-07-08,745.400024
2026-07-09,751.710022
2026-07-10,754.950012
2026-07-13,749.169983
2026-07-14,751.830017
2026-07-15,754.809998
2026-07-16,750.719971
2026-07-17,743.289978
2026-07-20,742.090027
2026-07-21,748.280029
2026-07-22,747.409973
2026-07-23,738.179993
2026-07-24,738.929993
2026-07-27,739.090027
2026-07-28,740.859985
2026-07-29,729.460022
2026-07-30,741.690002
2026-07-31,747.030029
2026-08-03,757.669983
2026-08-04,771.330017
2026-08-05,769.789978
2026-08-06,768.559998
2026-08-07,773.26001
2026-08-10,773.030029
